﻿{"inkVersion":19,"root":[[{"#":"title: Winter"},{"#":"author: Freya Campbell & Elliot Herriman"},["ev",{"x()":"isMobile"},"str","^seenHeadphonesWarning","/str",{"x()":"get","exArgs":1},"!","&&","/ev",{"->":".^.b","c":true},{"b":["\n","^It looks like you're on a phone or tablet.","\n","^Depending on your device, you may not be able to hear music unless you use headphones, or turn off silent mode.","\n","ev","str","^Continue","/str","/ev",{"*":".^.c-0","flg":20},{"->":"0.4"},{"c-0":["^ ",{"#":"clear"},"\n","ev","str","^seenHeadphonesWarning","/str",1,{"x()":"set","exArgs":2},"pop","/ev","\n",{"#":"restart"},"done",{"#f":5}]}]}],[{"->":".^.b"},{"b":["\n",{"->":"mainmenu"},{"->":"0.4"},null]}],"nop","\n",["done",{"#n":"g-0"}],null],"done",{"mainmenu":[[{"#":"frame: cover_bg1:4, cover_bg2:2, cover_fg1:0, cover_fg2:0"},{"#":"class: menu"},["ev","str","^Begin","/str","/ev",{"*":".^.c-0","flg":20},["ev",{"^->":"mainmenu.0.menu.6.$r1"},{"temp=":"$r"},"str",{"->":".^.s"},[{"#n":"$r1"}],"/str","/ev",{"*":".^.^.c-1","flg":18},{"s":["^Content Warnings",{"->":"$r","var":true},null]}],"ev","str","^Controls","/str","/ev",{"*":".^.c-2","flg":20},"ev","str","^Credits","/str","/ev",{"*":".^.c-3","flg":20},{"c-0":["^ ",{"#":"clear"},"\n",{"->":".^.^.^.g-0"},{"#f":5}],"c-1":["ev",{"^->":"mainmenu.0.menu.c-1.$r2"},"/ev",{"temp=":"$r"},{"->":".^.^.6.s"},[{"#n":"$r2"}],"\n",{"#":"class: menu"},"^Sexual content.","\n","^Anxiety, trauma.","\n","^Skull imagery.","\n",{"->":".^.^"},{"->":".^.^.^.g-0"},{"#f":5}],"c-2":["\n","^Navigate using the mouse.","\n",{"#":"class: menu"},"^Scroll down as you would any web page. You can also click and drag to scroll.","\n","^You can select choices using your mouse, the number keys, or \"z\", \"x\", and \"c\".","\n","^If there's only one choice, you can use the spacebar.","\n","^Press \"q\" and \"e\" to step forwards and backwards between passages.","\n",{"->":".^.^"},{"->":".^.^.^.g-0"},{"#f":5}],"c-3":["^ ",{"#":"clear"},"\n",{"->":"credits"},{"->":".^.^.^.g-0"},{"#f":5}],"#n":"menu"}],{"g-0":[{"->":"actOne"},null]}],null],"actOne":[[{"#":"play: act1party"},"ev","str","^ACT ONE","/str","/ev",{"*":".^.c-0","flg":20},{"c-0":["\n",{"->":".^.^.g-0"},{"#f":5}],"g-0":["^Two years, four months, maybe a few days.","\n","^Over a hundred miles.","\n","^Why is she *here?*","\n",{"#":"frame: party1_bg:5, party1_fg:7"},["ev",{"^->":"actOne.0.g-0.7.$r1"},{"temp=":"$r"},"str",{"->":".^.s"},[{"#n":"$r1"}],"/str","/ev",{"*":".^.^.c-1","flg":18},{"s":["^Why is she at this party?",{"->":"$r","var":true},null]}],{"c-1":["ev",{"^->":"actOne.0.g-0.c-1.$r2"},"/ev",{"temp=":"$r"},{"->":".^.^.7.s"},[{"#n":"$r2"}],"\n",{"->":".^.^.^.g-1"},{"#f":5}]}],"g-1":["^I didn't move here just to avoid her, but - well, it was a contributing factor.","\n","^I didn't expect to see her here tonight.","\n","^I'm-- I'm not prepared.","\n",{"->":"actOne.one"},null]}],{"one":[["ev","str","^Run away.","/str","/ev",{"*":".^.c-0","flg":20},"ev","str","^Cry.","/str",{"CNT?":".^.c-0"},"/ev",{"*":".^.c-1","flg":21},"ev","str","^Say hi.","/str","/ev",{"*":".^.c-2","flg":20},{"c-0":["\n","^I'm morbidly curious.","\n","^I can't bring myself to run away.","\n","^A moth drawn to a miserable flame.","\n",{"->":".^.^.^"},{"#f":5}],"c-1":["\n","^I don't think I can summon tears.","\n","^That's not the feeling inside me right now.","\n","^I just feel guilty.","\n",{"->":".^.^.^"},{"#f":5}],"c-2":["\n",{"#":"clear"},{"->":"actOne.two"},{"#f":5}]}],null],"two":[[{"#":"frame: party2_bg:5, party2_fg, party2_fg2:3, party4_fg3_shadow:-13, party4_fg3:3.5"},"^There are enough people between me and her that I can get a bit closer without feeling obvious.","\n","^She is standing by the window, dancing in a low-energy way.","\n","^I have no idea what I can say to her.","\n",["ev",{"^->":"actOne.two.0.7.$r1"},{"temp=":"$r"},"str",{"->":".^.s"},[{"#n":"$r1"}],"/str","str","^\"","/str","/ev",{"*":".^.^.c-0","flg":22},{"s":["^\"Hey, remember me?",{"->":"$r","var":true},null]}],["ev",{"^->":"actOne.two.0.8.$r1"},{"temp=":"$r"},"str",{"->":".^.s"},[{"#n":"$r1"}],"/str","str","^\"","/str","/ev",{"*":".^.^.c-1","flg":22},{"s":["^\"Hey, sorry about before.",{"->":"$r","var":true},null]}],["ev",{"^->":"actOne.two.0.9.$r1"},{"temp=":"$r"},"str",{"->":".^.s"},[{"#n":"$r1"}],"/str","/ev",{"*":".^.^.c-2","flg":18},{"s":["^\"I really liked you, please talk to me.\" ",{"->":"$r","var":true},null]}],{"c-0":["ev",{"^->":"actOne.two.0.c-0.$r2"},"/ev",{"temp=":"$r"},{"->":".^.^.7.s"},[{"#n":"$r2"}],"^ Sorry I made you scared of me.\" ",{"#":"red"},"\n",{"->":".^.^.g-0"},{"#f":5}],"c-1":["ev",{"^->":"actOne.two.0.c-1.$r2"},"/ev",{"temp=":"$r"},{"->":".^.^.8.s"},[{"#n":"$r2"}],"^ I didn't mean to scare you.\" ",{"#":"red"},"\n",{"->":".^.^.g-0"},{"#f":5}],"c-2":["ev",{"^->":"actOne.two.0.c-2.$r2"},"/ev",{"temp=":"$r"},{"->":".^.^.9.s"},[{"#n":"$r2"}],{"#":"red"},"\n",{"->":".^.^.g-0"},{"#f":5}],"g-0":["^\"I miss you.\" ",{"#":"red"},"\n","^Perhaps I would be better off just throwing myself to the floor.","\n","^God, she's smiling.","\n","^Maybe she doesn't even remember me.","\n",["^Just chalks me up as another weirdo who wanted to fuck her.","\n",{"#":"frame: party3_bg:3, party3_fg1:4, party3_fg2:6, party3_fg3:8"},"^...","\n",["ev",{"^->":"actOne.two.0.g-0.test.5.$r1"},{"temp=":"$r"},"str",{"->":".^.s"},[{"#n":"$r1"}],"/str","str","^.","/str","/ev",{"*":".^.^.c-3","flg":22},{"s":["^Oh god",{"->":"$r","var":true},null]}],{"c-3":["ev",{"^->":"actOne.two.0.g-0.test.c-3.$r2"},"/ev",{"temp=":"$r"},{"->":".^.^.5.s"},[{"#n":"$r2"}],"^, she looks happy. ",{"#":"clear"},"\n",{"->":".^.^.^.^.g-1"},{"#f":5}],"#n":"test"}],null],"g-1":["^He's touching her waist and saying something, and I'm just standing here thinking about whether I'm a creep.","\n","^Maybe if I was still a guy then it would have been fine.","\n","^You expect that kinda shit from a guy, right?","\n","^She's touching him back.","\n",{"#":"frame: party2_bg:2, party2_fg:4, party4_fg2:4.5, party4_fg3:7"},"ev","str","^I feel sick.","/str","/ev",{"*":".^.c-4","flg":20},"ev","str","^I can't watch this.","/str","/ev",{"*":".^.c-5","flg":20},{"c-4":["^ ",{"#":"clear"},"\n",{"->":".^.^.^.g-2"},{"#f":5}],"c-5":["^ ",{"#":"clear"},"\n",{"->":".^.^.^.g-2"},{"#f":5}]}],"g-2":[{"->":"actOne.three"},null]}],null],"three":[[{"#":"frame: party2_bg:4, party4_fg2:7"},"^I feel sick.","\n","^I can't watch this.","\n","ev","str","^I'm out of here.","/str","/ev",{"*":".^.c-0","flg":20},{"c-0":["^ ",{"#":"clear"},"\n",{"#":"delay: 1000"},{"->":"actOne.four"},{"#f":5}]}],null],"four":[["^\"Hey.\" ",{"#":"winter"},"\n",[{"#":"frame: corridor_bg:3, corridor_fg:5"},["ev",{"^->":"actOne.four.0.g-0.1.$r1"},{"temp=":"$r"},"str",{"->":".^.s"},[{"#n":"$r1"}],"/str","/ev",{"*":".^.^.c-0","flg":18},{"s":["^Someone is talking to me.",{"->":"$r","var":true},null]}],{"c-0":["ev",{"^->":"actOne.four.0.g-0.c-0.$r2"},"/ev",{"temp=":"$r"},{"->":".^.^.1.s"},[{"#n":"$r2"}],"\n",{"->":".^.^.^.g-1"},{"#f":5}],"#n":"g-0"}],{"g-1":["^I turn and I look at her.","\n","^I think \"her\" is right, anyway.","\n","^There is no face for me to tell.","\n","^Not... that it's necessarily reliable.","\n","^I just sense an energy,","\n","^an energy despite the matte off-white bone that stares back at me, deep dark eye sockets in a pallid skull.","\n","^Maybe my drugs have started fucking up again.","\n","^I shouldn't have drunk...","\n","^\"Wanna get out of here?\" ",{"#":"winter"},"\n",["ev",{"^->":"actOne.four.0.g-1.19.$r1"},{"temp=":"$r"},"str",{"->":".^.s"},[{"#n":"$r1"}],"/str","/ev",{"*":".^.^.c-1","flg":18},{"s":["^\"Do I know you?\" ",{"->":"$r","var":true},null]}],["ev",{"^->":"actOne.four.0.g-1.20.$r1"},{"temp=":"$r"},"str",{"->":".^.s"},[{"#n":"$r1"}],"/str","/ev",{"*":".^.^.c-2","flg":18},{"s":["^\"I'm leaving on my own.\" ",{"->":"$r","var":true},null]}],{"c-1":["ev",{"^->":"actOne.four.0.g-1.c-1.$r2"},"/ev",{"temp=":"$r"},{"->":".^.^.19.s"},[{"#n":"$r2"}],{"#":"red"},"\n","^\"Not yet.\" ",{"#":"winter"},"\n","^\"But I know you.\" ",{"#":"winter"},"\n","^\"I can see the shadow that follows you.\" ",{"#":"winter"},"\n","^\"And you can see me too, can't you?\" ",{"#":"winter"},"\n",{"->":".^.^.^.g-2"},{"#f":5}],"c-2":["ev",{"^->":"actOne.four.0.g-1.c-2.$r2"},"/ev",{"temp=":"$r"},{"->":".^.^.20.s"},[{"#n":"$r2"}],{"#":"red"},"\n","^\"Are you sure?\" ",{"#":"winter"},"\n","^She's staring past my shoulder.","\n","^I can feel her gaze on my shadow like two points of pressure.","\n",[["ev",{"^->":"actOne.four.0.g-1.c-2.15.0.$r1"},{"temp=":"$r"},"str",{"->":".^.s"},[{"#n":"$r1"}],"/str","/ev",{"*":".^.^.c-0","flg":18},{"s":["^\"...no.\" ",{"->":"$r","var":true},null]}],["ev",{"^->":"actOne.four.0.g-1.c-2.15.1.$r1"},{"temp=":"$r"},"str",{"->":".^.s"},[{"#n":"$r1"}],"/str","/ev",{"*":".^.^.c-1","flg":18},{"s":["^\"I'm leaving.\" ",{"->":"$r","var":true},null]}],{"c-0":["ev",{"^->":"actOne.four.0.g-1.c-2.15.c-0.$r2"},"/ev",{"temp=":"$r"},{"->":".^.^.0.s"},[{"#n":"$r2"}],{"#":"red"},"\n",{"->":".^.^.^.^.^.g-2"},{"#f":5}],"c-1":["ev",{"^->":"actOne.four.0.g-1.c-2.15.c-1.$r2"},"/ev",{"temp=":"$r"},{"->":".^.^.1.s"},[{"#n":"$r2"}],{"#":"red"},"\n","^She falters and takes a step closer.","\n","^\"Wait.\" ",{"#":"winter"},"\n","^\"I mean...\" ",{"#":"winter"},"\n",{"->":".^.^.^.^.^.g-2"},{"#f":5}]}],{"#f":5}]}],"g-2":["^\"Girls like us should stick together, you know?\" ",{"#":"winter"},"\n","^I don't want to stick together I don't want to talk I want to go home and feel sorry for myself.","\n",{"->":"actOne.five"},null]}],null],"five":[[["ev",{"^->":"actOne.five.0.0.$r1"},{"temp=":"$r"},"str",{"->":".^.s"},[{"#n":"$r1"}],"/str","/ev",{"*":".^.^.c-0","flg":18},{"s":["^\"I have no idea what you mean.\" ",{"->":"$r","var":true},null]}],["ev",{"^->":"actOne.five.0.1.$r1"},{"temp=":"$r"},"str",{"->":".^.s"},[{"#n":"$r1"}],"/str","/ev",{"*":".^.^.c-1","flg":18},{"s":["^\"Like us?\" ",{"->":"$r","var":true},null]}],{"c-0":["ev",{"^->":"actOne.five.0.c-0.$r2"},"/ev",{"temp=":"$r"},{"->":".^.^.0.s"},[{"#n":"$r2"}],{"#":"red"},"\n",{"->":".^.^.g-0"},{"#f":5}],"c-1":["ev",{"^->":"actOne.five.0.c-1.$r2"},"/ev",{"temp=":"$r"},{"->":".^.^.1.s"},[{"#n":"$r2"}],{"#":"red"},"\n",{"->":".^.^.g-0"},{"#f":5}],"g-0":["^\"It takes one to know one.\" ",{"#":"winter"},"\n","^\"You pass very well for someone functional and right.\" ",{"#":"winter"},"\n","^\"If you hadn't nearly started crying when looking at that girl, I wouldn't have even known.\" ",{"#":"winter"},"\n","^\"I love your boots, by the way.\" ",{"#":"winter"},"\n",["ev",{"^->":"actOne.five.0.g-0.12.$r1"},{"temp=":"$r"},"str",{"->":".^.s"},[{"#n":"$r1"}],"/str","/ev",{"*":".^.^.c-2","flg":18},{"s":["^\"Fuck you.\" ",{"->":"$r","var":true},null]}],["ev",{"^->":"actOne.five.0.g-0.13.$r1"},{"temp=":"$r"},"str",{"->":".^.s"},[{"#n":"$r1"}],"/str","/ev",{"*":".^.^.c-3","flg":18},{"s":["^\"You don't know anything about me.\" ",{"->":"$r","var":true},null]}],"ev","str","^(Say nothing.)","/str","/ev",{"*":".^.c-4","flg":20},{"c-2":["ev",{"^->":"actOne.five.0.g-0.c-2.$r2"},"/ev",{"temp=":"$r"},{"->":".^.^.12.s"},[{"#n":"$r2"}],{"#":"red"},"\n","^\"That's the spirit. You don't have to pretend to be good.\" ",{"#":"winter"},"\n","^I struggle to think of something to respond.","\n",{"->":".^.^.^.g-1"},{"#f":5}],"c-3":["ev",{"^->":"actOne.five.0.g-0.c-3.$r2"},"/ev",{"temp=":"$r"},{"->":".^.^.13.s"},[{"#n":"$r2"}],{"#":"red"},"\n","^\"No?\" ",{"#":"winter"},"\n","^I don't answer.","\n",{"->":".^.^.^.g-1"},{"#f":5}],"c-4":["\n",{"->":".^.^.^.g-1"},{"#f":5}]}],"g-1":["^After a moment she clears her throat.","\n","^\"Never mind. I have wine. A whole bottle, see?\" ",{"#":"winter"},"\n","^She holds it up conspiratorially.","\n","^Somehow, I get the impression of her winking.","\n",{"->":"actOne.six"},null]}],null],"six":[[["ev",{"^->":"actOne.six.0.0.$r1"},{"temp=":"$r"},"str",{"->":".^.s"},[{"#n":"$r1"}],"/str","/ev",{"*":".^.^.c-0","flg":18},{"s":["^\"Why should I go anywhere with you?\" ",{"->":"$r","var":true},null]}],["ev",{"^->":"actOne.six.0.1.$r1"},{"temp=":"$r"},"str",{"->":".^.s"},[{"#n":"$r1"}],"/str","/ev",{"*":".^.^.c-1","flg":18},{"s":["^\"...where did you get that?\" ",{"->":"$r","var":true},null]}],"ev","str","^(Take the ","ev",{"CNT?":".^.c-1"},"/ev",[{"->":".^.b","c":true},{"b":["^stolen ",{"->":".^.^.^.9"},null]}],"nop","^wine.)","/str","/ev",{"*":".^.c-2","flg":20},{"c-0":["ev",{"^->":"actOne.six.0.c-0.$r2"},"/ev",{"temp=":"$r"},{"->":".^.^.0.s"},[{"#n":"$r2"}],{"#":"red"},"\n","^She sighs and looks over her shoulder.","\n","^\"This party sucks, and you look like you want to cry.\" ",{"#":"winter"},"\n","^\"Let's get pissed and vent together.\" ",{"#":"winter"},"\n",[["ev",{"^->":"actOne.six.0.c-0.16.0.$r1"},{"temp=":"$r"},"str",{"->":".^.s"},[{"#n":"$r1"}],"/str","/ev",{"*":".^.^.c-0","flg":18},{"s":["^\"I don't want to cry.\" ",{"->":"$r","var":true},null]}],["ev",{"^->":"actOne.six.0.c-0.16.1.$r1"},{"temp=":"$r"},"str",{"->":".^.s"},[{"#n":"$r1"}],"/str","/ev",{"*":".^.^.c-1","flg":18},{"s":["^\"...fine.\" ",{"->":"$r","var":true},null]}],{"c-0":["ev",{"^->":"actOne.six.0.c-0.16.c-0.$r2"},"/ev",{"temp=":"$r"},{"->":".^.^.0.s"},[{"#n":"$r2"}],{"#":"red"},"\n","^She looks at me silently for a moment.","\n","^Neither of us says anything for a second.","\n","^I am suddenly, absolutely sure that she wants to cry too.","\n",[["ev",{"^->":"actOne.six.0.c-0.16.c-0.14.0.$r1"},{"temp=":"$r"},"str",{"->":".^.s"},[{"#n":"$r1"}],"/str","/ev",{"*":".^.^.c-0","flg":18},{"s":["^\"...whatever.\" ",{"->":"$r","var":true},null]}],{"c-0":["ev",{"^->":"actOne.six.0.c-0.16.c-0.14.c-0.$r2"},"/ev",{"temp=":"$r"},{"->":".^.^.0.s"},[{"#n":"$r2"}],{"#":"red"},"\n",{"->":".^.^.^.^.wantToCry"},{"#f":5}]}],{"#f":5}],"c-1":["ev",{"^->":"actOne.six.0.c-0.16.c-1.$r2"},"/ev",{"temp=":"$r"},{"->":".^.^.1.s"},[{"#n":"$r2"}],{"#":"red"},"\n",{"->":".^.^.wantToCry"},{"#f":5}],"wantToCry":[{"->":"actOne.seven"},{"#f":5}]}],{"#f":5}],"c-1":["ev",{"^->":"actOne.six.0.c-1.$r2"},"/ev",{"temp=":"$r"},{"->":".^.^.1.s"},[{"#n":"$r2"}],{"#":"red"},"\n","^\"I took it.\" ",{"#":"winter"},"\n","^\"It's a house party, it's there to be drunk.\" ",{"#":"red"},"\n","^She shrugs, as if that makes it better.","\n",{"->":".^.^.^"},{"#f":5}],"c-2":["\n","^I snatch the bottle from her.","\n","ev",{"CNT?":".^.^.c-1"},"/ev",[{"->":".^.b","c":true},{"b":["\n","^\"For the record, I don't condone this.\" ",{"#":"red"},"\n","^\"Then I guess I'm drinking for two.\" ",{"#":"winter"},"\n","^\"I didn't say that.\" ",{"#":"red"},"\n",{"->":".^.^.^.7"},null]}],"nop","\n",{"->":"actOne.seven"},{"#f":5}]}],null],"seven":[["^\"Let's just fuck off already.\" ",{"#":"red"},"\n","ev",{"CNT?":"actOne.six.0.c-0.16.wantToCry"},"/ev",[{"->":".^.b","c":true},{"b":["\n","^\"I don't want to cry where everyone can see me.\" ",{"#":"red"},"\n",{"->":".^.^.^.7"},null]}],"nop","\n","^Her jaw opens slightly in a horrible impression of a grin without skin.","\n","ev","str","^\"I know JUST the place.\"","/str","/ev",{"*":".^.c-0","flg":20},{"c-0":["^ ",{"#":"winter"},"\n",{"->":".^.^.g-0"},{"#f":5}],"g-0":[{"#":"clear"},{"#":"play: act1park"},"^Then we're on a bench, in a quiet section of the park I didn't even know existed. ",{"#":"test"},"\n",{"#":"frame: park_bg:3, park_fg:4"},"^She opens the bottle of wine with practice, chucking the cork over her shoulder, and takes a swig.","\n","^When she hands it to me, there's somehow lipstick on the rim.","\n",{"->":"actOne.eight"},null]}],null],"eight":[[["ev",{"^->":"actOne.eight.0.0.$r1"},{"temp=":"$r"},"str",{"->":".^.s"},[{"#n":"$r1"}],"/str","/ev",{"*":".^.^.c-0","flg":18},{"s":["^I drink.",{"->":"$r","var":true},null]}],["ev",{"^->":"actOne.eight.0.1.$r1"},{"temp=":"$r"},"str",{"->":".^.s"},[{"#n":"$r1"}],"/str",{"CNT?":".^.^.c-0"},"!","/ev",{"*":".^.^.c-1","flg":19},{"s":["^I hesitate.",{"->":"$r","var":true},null]}],["ev",{"^->":"actOne.eight.0.2.$r1"},{"temp=":"$r"},"str",{"->":".^.s"},[{"#n":"$r1"}],"/str",{"CNT?":".^.^.c-0"},"/ev",{"*":".^.^.c-2","flg":19},{"s":["^I take another swig. ",{"->":"$r","var":true},null]}],{"c-0":["ev",{"^->":"actOne.eight.0.c-0.$r2"},"/ev",{"temp=":"$r"},{"->":".^.^.0.s"},[{"#n":"$r2"}],"^ It's not very good wine.","\n",{"->":".^.^.^"},{"->":".^.^.g-0"},{"#f":5}],"c-1":["ev",{"^->":"actOne.eight.0.c-1.$r2"},"/ev",{"temp=":"$r"},{"->":".^.^.1.s"},[{"#n":"$r2"}],"^ She makes a little drinking motion with her hand.","\n",{"->":".^.^.^"},{"->":".^.^.g-0"},{"#f":5}],"c-2":["ev",{"^->":"actOne.eight.0.c-2.$r2"},"/ev",{"temp=":"$r"},{"->":".^.^.2.s"},[{"#n":"$r2"}],{"#":"clear"},"\n",{"->":".^.^.g-0"},{"#f":5}],"g-0":["^\"So what's your name, girl with two shadows?\" ",{"#":"winter"},"\n","^I hand the bottle back to her.","\n","^\"...Meredith.\" ",{"#":"red"},"\n","^I brace for a laugh, but it doesn't come.","\n",{"#":"frame: park_bg:3, park_fg:3.5"},"^She cocks her head to the side and makes a hmmm noise.","\n","^\"Nice name. Cute, old fashioned.\" ",{"#":"winter"},"\n","^\"Bit of a mouthful to say every time, though.\" ",{"#":"winter"},"\n","^\"I-- \" ",{"#":"red"},"\n","^\"Merry, maybe...\" ",{"#":"winter"},"\n","^She takes a swig of wine and pulls a face.","\n","^\"No, Merry doesn't suit you. I'm going to call you Red.\" ",{"#":"winter"},"\n","ev","str","^\"You're not.\"","/str","/ev",{"*":".^.c-3","flg":20},{"c-3":["^ ",{"#":"red"},{"#":"clear"},"\n",{"->":".^.^.^.g-1"},{"#f":5}]}],"g-1":["^She looks at me, some sparkle visible in her eye sockets.","\n","^I think I'm getting used to her lack of a face.","\n","^Almost.","\n","^\"Whatever you say, Red. Why were you about to cry back there?\" ",{"#":"winter"},"\n","^I think I haven't hit her just because of the sheer affront of her questions.","\n","ev",{"CNT?":"actOne.six.0.c-0.16.wantToCry"},"!","/ev",[{"->":".^.b","c":true},{"b":["^ I hate that she knows that. That I'm so obvious, so easy to read.",{"->":".^.^.^.16"},null]}],"nop","\n","^\"Why should I spill my guts to some random faceless girl in the park. I still don't even know your name.\" ",{"#":"red"},"\n","^She waggles the bottle of wine at me teasingly.","\n","^\"Gimme that.\" ",{"#":"red"},"\n",["ev",{"^->":"actOne.eight.0.g-1.26.$r1"},{"temp=":"$r"},"str",{"->":".^.s"},[{"#n":"$r1"}],"/str","/ev",{"*":".^.^.c-4","flg":18},{"s":["^She lets it go without protest, and I raise it to my lips. ",{"->":"$r","var":true},null]}],{"c-4":["ev",{"^->":"actOne.eight.0.g-1.c-4.$r2"},"/ev",{"temp=":"$r"},{"->":".^.^.26.s"},[{"#n":"$r2"}],{"#":"clear"},"\n",{"->":".^.^.^.g-2"},{"#f":5}]}],"g-2":["^\"You ","ev",{"CNT?":"actOne.five.0.g-0.c-3"},"/ev",[{"->":".^.b","c":true},{"b":["^ said",{"->":".^.^.^.6"},null]}],[{"->":".^.b"},{"b":["^think",{"->":".^.^.^.6"},null]}],"nop","^ I don't know you, Red. And maybe you're right.\" ",{"#":"winter"},"\n","^\"But I can guess.\" ",{"#":"winter"},"\n","^\"There's something about yourself that you can't live with. Some part you think abhorrent, to be hidden away from sight.\" ",{"#":"winter"},"\n","^\"Only, hiding it inside wasn't enough. You could feel it in there still, burning away like a hot coal.\" ",{"#":"winter"},"\n","^\"Some hot black little lump inside you like a smouldering heart.\" ",{"#":"winter"},"\n","^\"You hated it, hated it so much that one day you wrenched that fucker free from yourself.\" ",{"#":"winter"},"\n","^\"And ever since then, you've told yourself you feel better. But you don't really believe that, do you?\" ",{"#":"winter"},"\n","^\"It's not a good absence. It's not like excising a tumour, it's something more vital.\" ",{"#":"winter"},"\n","ev","str","^\"You cut out your heart and now it beats at the door of your soul.\"","/str","/ev",{"*":".^.c-5","flg":20},{"c-5":["^ ",{"#":"winter"},{"#":"clear"},"\n",{"->":".^.^.^.g-3"},{"#f":5}]}],"g-3":["^She stops talking as I stare, dumbfounded, bottle of wine still raised halfway to my lips.","\n",{"#":"frame: park_bg2:3, park_fg2:4"},"^Rummaging in her coat pocket, she pulls out a pack of cigarettes and lights one casually, clamping it somehow between her teeth.","\n","^\"That's how I feel, anyway.\" ",{"#":"winter"},"\n","^\"And my name's Winter. So now we're uneven. You gotta tell me about yourself now.\" ",{"#":"winter"},"\n","^\"Fag?\" ",{"#":"winter"},"\n",{"->":"actOne.nine"},null]}],null],"nine":[[["ev",{"^->":"actOne.nine.0.0.$r1"},{"temp=":"$r"},"str",{"->":".^.s"},[{"#n":"$r1"}],"/str","/ev",{"*":".^.^.c-0","flg":18},{"s":["^...",{"->":"$r","var":true},null]}],["ev",{"^->":"actOne.nine.0.1.$r1"},{"temp=":"$r"},"str",{"->":".^.s"},[{"#n":"$r1"}],"/str","/ev",{"*":".^.^.c-1","flg":18},{"s":["^\"Something like that.\" ",{"->":"$r","var":true},null]}],["ev",{"^->":"actOne.nine.0.2.$r1"},{"temp=":"$r"},"str",{"->":".^.s"},[{"#n":"$r1"}],"/str","/ev",{"*":".^.^.c-2","flg":18},{"s":["^\"No, I don't smoke.\" ",{"->":"$r","var":true},null]}],{"c-0":["ev",{"^->":"actOne.nine.0.c-0.$r2"},"/ev",{"temp=":"$r"},{"->":".^.^.0.s"},[{"#n":"$r2"}],"\n",{"->":".^.^.^"},{"->":".^.^.g-0"},{"#f":5}],"c-1":["ev",{"^->":"actOne.nine.0.c-1.$r2"},"/ev",{"temp=":"$r"},{"->":".^.^.1.s"},[{"#n":"$r2"}],{"#":"red"},"\n","^She laughs and drops the cigarette, managing to catch it just before it hits the ground.","\n","^\"See, you *do* have a sense of humour.\" ",{"#":"winter"},"\n","^\"So go on, then. Drink and talk.\" ",{"#":"winter"},"\n",{"->":".^.^.g-0"},{"#f":5}],"c-2":["ev",{"^->":"actOne.nine.0.c-2.$r2"},"/ev",{"temp=":"$r"},{"->":".^.^.2.s"},[{"#n":"$r2"}],{"#":"red"},"\n","^\"Good girl. Smart. Your loss.\" ",{"#":"winter"},"\n","^\"Might as well just talk, then.\" ",{"#":"winter"},"\n",{"->":".^.^.g-0"},{"#f":5}],"g-0":["^I take another swig of the bad wine whilst I try to process what she said to me.","\n","^I feel like she's told me some secret, sticky part of herself,","\n","^but like she's told me nothing at all, too.","\n","^\"The girl in the party was... not really an ex.\" ",{"#":"red"},"\n","ev","str","^\"We--\"","/str","/ev",{"*":".^.c-3","flg":20},{"c-3":["^ ",{"#":"red"},{"#":"clear"},"\n",{"->":".^.^.^.g-1"},{"#f":5}]}],"g-1":[{"#":"frame: park_bg4:3"},"^I black out as the shadow talks through me, giving its own monologue.","\n","^When I snap back, Red is finishing her cigarette, and I mumble the last few words.","\n","^\"...and, um, we haven't talked... since.\" ",{"#":"red"},"\n","^And now she's happily dancing with some guy and I'm,","\n","^I'm...","\n",["ev",{"^->":"actOne.nine.0.g-1.12.$r1"},{"temp=":"$r"},"str",{"->":".^.s"},[{"#n":"$r1"}],"/str","/ev",{"*":".^.^.c-4","flg":18},{"s":["^I'm going to drink more wine.",{"->":"$r","var":true},null]}],["ev",{"^->":"actOne.nine.0.g-1.13.$r1"},{"temp=":"$r"},"str",{"->":".^.s"},[{"#n":"$r1"}],"/str","/ev",{"*":".^.^.c-5","flg":18},{"s":["^I'm going to cry.",{"->":"$r","var":true},null]}],{"c-4":["ev",{"^->":"actOne.nine.0.g-1.c-4.$r2"},"/ev",{"temp=":"$r"},{"->":".^.^.12.s"},[{"#n":"$r2"}],"\n","^I take another swig of the wine.","\n","^It's still awful.","\n",{"->":".^.^.^.g-2"},{"#f":5}],"c-5":["ev",{"^->":"actOne.nine.0.g-1.c-5.$r2"},"/ev",{"temp=":"$r"},{"->":".^.^.13.s"},[{"#n":"$r2"}],"\n",[["^I can feel my chest get tight.","\n","^I really don't want Winter to see me cry but I don't think I have a choice unless I just run away now.","\n",{"->":".^.^.^.^.^.g-2"},{"#f":5,"#n":"goingToCry"}],null],{"#f":5}]}],"g-2":["^I hand her the bottle and bring my knees up to my chest, heels resting on the edge of the bench.","\n","^\"So where does the shadow come in?\" ",{"#":"winter"},"\n",{"#":"frame: park_bg2:2, corridor_fg3:3, park_fg2:4"},"^I ","ev",{"CNT?":".^.^.g-1.c-5.7.goingToCry"},"/ev",[{"->":".^.b","c":true},{"b":["^*want* to cry now",{"->":".^.^.^.12"},null]}],[{"->":".^.b"},{"b":["^fully expected to cry",{"->":".^.^.^.12"},null]}],"nop","^, but Winter's constant pushiness isn't leaving time.","\n","^I'm angry that she keeps asking, and spiteful enough to tell her.","\n","^I wonder if she'll call me a █████ too.","\n","^\"What is it that you're afraid of, Red?\" ",{"#":"winter"},"\n",{"#":"delay: 2000"},["ev",{"^->":"actOne.nine.0.g-2.23.$r1"},{"temp=":"$r"},"str",{"->":".^.s"},[{"#n":"$r1"}],"/str","/ev",{"*":".^.^.c-6","flg":18},{"s":["^\"Attraction.\" ",{"->":"$r","var":true},null]}],["ev",{"^->":"actOne.nine.0.g-2.24.$r1"},{"temp=":"$r"},"str",{"->":".^.s"},[{"#n":"$r1"}],"/str","/ev",{"*":".^.^.c-7","flg":18},{"s":["^\"Lust.\" ",{"->":"$r","var":true},null]}],["ev",{"^->":"actOne.nine.0.g-2.25.$r1"},{"temp=":"$r"},"str",{"->":".^.s"},[{"#n":"$r1"}],"/str","/ev",{"*":".^.^.c-8","flg":18},{"s":["^\"Myself.\" ",{"->":"$r","var":true},null]}],{"c-6":["ev",{"^->":"actOne.nine.0.g-2.c-6.$r2"},"/ev",{"temp=":"$r"},{"->":".^.^.23.s"},[{"#n":"$r2"}],{"#":"red"},{"#":"clear"},"\n",{"->":".^.^.^.g-3"},{"#f":5}],"c-7":["ev",{"^->":"actOne.nine.0.g-2.c-7.$r2"},"/ev",{"temp=":"$r"},{"->":".^.^.24.s"},[{"#n":"$r2"}],{"#":"red"},{"#":"clear"},"\n",{"->":".^.^.^.g-3"},{"#f":5}],"c-8":["ev",{"^->":"actOne.nine.0.g-2.c-8.$r2"},"/ev",{"temp=":"$r"},{"->":".^.^.25.s"},[{"#n":"$r2"}],{"#":"red"},{"#":"clear"},"\n",{"->":".^.^.^.g-3"},{"#f":5}]}],"g-3":["^\"I'm scared of what I wanted to do to her... still want to do.\" ",{"#":"red"},"\n","^\"And not just her, but others. Girls I knew before or who I see maybe once, and just... think about idly.\" ",{"#":"red"},"\n","^\"Girls aren't meant to have these thoughts, are we? Especially when we're trans.\" ",{"#":"red"},"\n","^\"We're meant to leave that behind. Just be nice and, like, receptive. Inoffensive and unproblematic.\" ",{"#":"red"},"\n","^\"But I think about how I want to touch or hurt or fuck her and I'm just...\" ",{"#":"red"},"\n","^\"...I can't do it. I can't do it, but I want to.\" ",{"#":"red"},"\n","^\"I feel like I'm trespassing, unwanted and imposing, but *I can't stop wanting to.*\" ",{"#":"red"},"\n","^\"And what used to be just some awful black part of my heart has just grown and grown until it was always *there*, looking over my shoulder.\" ",{"#":"red"},"\n","^\"I'm scared. I'm scared of the part of me that follows.\" ",{"#":"red"},"\n","^I rest my head on my knees and try to keep myself very, very still.","\n",["ev",{"^->":"actOne.nine.0.g-3.29.$r1"},{"temp=":"$r"},"str",{"->":".^.s"},[{"#n":"$r1"}],"/str","/ev",{"*":".^.^.c-9","flg":18},{"s":["^I've said too much. ",{"->":"$r","var":true},null]}],["ev",{"^->":"actOne.nine.0.g-3.30.$r1"},{"temp=":"$r"},"str",{"->":".^.s"},[{"#n":"$r1"}],"/str","/ev",{"*":".^.^.c-10","flg":18},{"s":["^I've *been* too much.",{"->":"$r","var":true},null]}],{"c-9":["ev",{"^->":"actOne.nine.0.g-3.c-9.$r2"},"/ev",{"temp=":"$r"},{"->":".^.^.29.s"},[{"#n":"$r2"}],"\n",{"->":".^.^.^.g-4"},{"#f":5}],"c-10":["ev",{"^->":"actOne.nine.0.g-3.c-10.$r2"},"/ev",{"temp=":"$r"},{"->":".^.^.30.s"},[{"#n":"$r2"}],"\n",{"->":".^.^.^.g-4"},{"#f":5}]}],"g-4":["^The urge inside is to either stop moving forever, or else to flail and throw myself into the duck pond.","\n","^Before I can commit to running away, Winter takes a deep breath and nods.","\n","^\"That's wild.\" ",{"#":"winter"},"\n",{"#":"frame: park_bg2:2, park_fg2:3"},"^I look over my knees at Winter's expression.","\n","^She looks... pleased.","\n",["ev",{"^->":"actOne.nine.0.g-4.12.$r1"},{"temp=":"$r"},"str",{"->":".^.s"},[{"#n":"$r1"}],"/str","/ev",{"*":".^.^.c-11","flg":18},{"s":["^\"'That's wild'?\" ",{"->":"$r","var":true},null]}],["ev",{"^->":"actOne.nine.0.g-4.13.$r1"},{"temp=":"$r"},"str",{"->":".^.s"},[{"#n":"$r1"}],"/str","/ev",{"*":".^.^.c-12","flg":18},{"s":["^\"Fuck you, too.\" ",{"->":"$r","var":true},null]}],"ev","str","^(Say nothing.)","/str","/ev",{"*":".^.c-13","flg":20},{"c-11":["ev",{"^->":"actOne.nine.0.g-4.c-11.$r2"},"/ev",{"temp=":"$r"},{"->":".^.^.12.s"},[{"#n":"$r2"}],{"#":"red"},{"#":"clear"},"\n",{"->":".^.^.^.g-5"},{"#f":5}],"c-12":["ev",{"^->":"actOne.nine.0.g-4.c-12.$r2"},"/ev",{"temp=":"$r"},{"->":".^.^.13.s"},[{"#n":"$r2"}],{"#":"red"},{"#":"clear"},"\n","^\"","ev",{"CNT?":"actOne.five.0.g-0.c-2"},"/ev",[{"->":".^.b","c":true},{"b":["^So you say. ",{"->":".^.^.^.14"},null]}],"nop","^You wound me, Red.\" ",{"#":"winter"},"\n",{"->":".^.^.^.g-5"},{"#f":5}],"c-13":["^ ",{"#":"clear"},"\n",{"->":".^.^.^.g-5"},{"#f":5}]}],"g-5":["^\"I mean, we're almost exact opposites, you and I.\" ",{"#":"winter"},"\n","^\"You're scared of being attracted to someone, and everything that entails.\" ",{"#":"winter"},"\n","^\"And I'm... it's *being attractive to people* I can't stand.\" ",{"#":"winter"},"\n",{"#":"frame: park_bg4:3"},"^\"I don't know how to make myself feel vulnerable, or to tolerate someone's eyes on me.\" ",{"#":"winter"},"\n","^\"What's that phrase... the mortifying ordeal of being known?\" ",{"#":"winter"},"\n","^\"I want to, but there's armour I can't take off. Baggage that I can't put down.\" ",{"#":"winter"},"\n","^I look at her as she talks, her body language shrinking and the casual arrogance from earlier falling off like melting snow.","\n","^She cradles the wine in her hands, bottle nearly empty, and laughs.","\n","^\"You know what we have to do, Red?\" ",{"#":"winter"},"\n",["ev",{"^->":"actOne.nine.0.g-5.26.$r1"},{"temp=":"$r"},"str",{"->":".^.s"},[{"#n":"$r1"}],"/str","str","^.\"","/str","/ev",{"*":".^.^.c-14","flg":22},{"s":["^\"I have no idea",{"->":"$r","var":true},null]}],["ev",{"^->":"actOne.nine.0.g-5.27.$r1"},{"temp=":"$r"},"str",{"->":".^.s"},[{"#n":"$r1"}],"/str","str","^\"","/str","/ev",{"*":".^.^.c-15","flg":22},{"s":["^\"What?",{"->":"$r","var":true},null]}],{"c-14":["ev",{"^->":"actOne.nine.0.g-5.c-14.$r2"},"/ev",{"temp=":"$r"},{"->":".^.^.26.s"},[{"#n":"$r2"}],"^ what we have to do.\" ",{"#":"red"},{"#":"clear"},"\n",{"->":".^.^.^.g-6"},{"#f":5}],"c-15":["ev",{"^->":"actOne.nine.0.g-5.c-15.$r2"},"/ev",{"temp=":"$r"},{"->":".^.^.27.s"},[{"#n":"$r2"}],"^ And why 'we'?\" ",{"#":"red"},{"#":"clear"},"\n",{"->":".^.^.^.g-6"},{"#f":5}]}],"g-6":["^\"We should help each other.\" ",{"#":"winter"},"\n","^\"We're complimentary. You have a hangup about attraction to people, and I-- I don't.\" ",{"#":"winter"},"\n","^\"I can show you. Teach you.\" ",{"#":"winter"},"\n","^\"And you... can show me what it looks like to be comfortable in your own skin, comfortable being looked at.\" ",{"#":"winter"},"\n","^I uncurl my legs and look at her, processing what she says.","\n",["ev",{"^->":"actOne.nine.0.g-6.14.$r1"},{"temp=":"$r"},"str",{"->":".^.s"},[{"#n":"$r1"}],"/str","/ev",{"*":".^.^.c-16","flg":18},{"s":["^\"You're-- you're not suggesting we date after talking for fifteen minutes.\" ",{"->":"$r","var":true},null]}],{"c-16":["ev",{"^->":"actOne.nine.0.g-6.c-16.$r2"},"/ev",{"temp=":"$r"},{"->":".^.^.14.s"},[{"#n":"$r2"}],{"#":"red"},"\n",{"->":".^.^.^.g-7"},{"#f":5}]}],"g-7":["^\"Not dating. Just helping each other.\" ",{"#":"winter"},"\n","^\"I have someone I like already, and...\" ",{"#":"winter"},"\n","^\"I want to be attractive for him.\" ",{"#":"winter"},"\n","^\"And you have someone you like, right? The girl from earlier?\" ",{"#":"winter"},"\n","^As if that was ever a relationship that could happen again.","\n","^Could or *should* happen again. I've burned that bridge and I've known that for a long time.","\n","^But...","\n","^I want to reconcile this part of myself.","\n","^Something about Winter's intensity makes me trust her. Makes me want to trust her.","\n","^So I say it.","\n",["ev",{"^->":"actOne.nine.0.g-7.24.$r1"},{"temp=":"$r"},"str",{"->":".^.s"},[{"#n":"$r1"}],"/str","/ev",{"*":".^.^.c-17","flg":18},{"s":["^\"Okay.\" ",{"->":"$r","var":true},null]}],["ev",{"^->":"actOne.nine.0.g-7.25.$r1"},{"temp=":"$r"},"str",{"->":".^.s"},[{"#n":"$r1"}],"/str","/ev",{"*":".^.^.c-18","flg":18},{"s":["^\"How do we do it?\" ",{"->":"$r","var":true},null]}],{"c-17":["ev",{"^->":"actOne.nine.0.g-7.c-17.$r2"},"/ev",{"temp=":"$r"},{"->":".^.^.24.s"},[{"#n":"$r2"}],{"#":"red"},{"#":"clear"},"\n",{"->":".^.^.^.g-8"},{"#f":5}],"c-18":["ev",{"^->":"actOne.nine.0.g-7.c-18.$r2"},"/ev",{"temp=":"$r"},{"->":".^.^.25.s"},[{"#n":"$r2"}],{"#":"red"},{"#":"clear"},"\n",{"->":".^.^.^.g-8"},{"#f":5}]}],"g-8":["^Winter leans down to put the bottle of wine on the ground, out the way.","\n","^Then she reaches out to me--","\n",{"#":"frame: park_bg4:3, corridor_fg3:4, park_fg2:5"},"^No. She reaches out to my shadow.","\n","^I can almost feel when her fingers touch my other self's cheek.","\n","^Like a memory of being touched, or a whisper of a breeze.","\n","^\"Can I kiss you?\" ",{"#":"winter"},"\n",{"#":"delay: 3500"},["ev",{"^->":"actOne.nine.0.g-8.15.$r1"},{"temp=":"$r"},"str",{"->":".^.s"},[{"#n":"$r1"}],"/str","/ev",{"*":".^.^.c-19","flg":18},{"s":["^\"Yes.\" ",{"->":"$r","var":true},null]}],["ev",{"^->":"actOne.nine.0.g-8.16.$r1"},{"temp=":"$r"},"str",{"->":".^.s"},[{"#n":"$r1"}],"/str","/ev",{"*":".^.^.c-20","flg":18},{"s":["^\"No.\" ",{"->":"$r","var":true},null]}],"ev","str","^(Kiss her first)","/str","/ev",{"*":".^.c-21","flg":20},{"c-19":["ev",{"^->":"actOne.nine.0.g-8.c-19.$r2"},"/ev",{"temp=":"$r"},{"->":".^.^.15.s"},[{"#n":"$r2"}],{"#":"red"},{"#":"clear"},"\n","^She grins tipsily and leans in to kiss me - to kiss the other me.","\n","^It feels strange to watch her do so, white bone against black shadow.","\n","^I can feel something warm on my lips, but it's barely there.","\n","^I just stare at her for a second, so close to me, feeling something twist in my stomach.","\n","^Then she draws back and wipes her mouth briefly with the back of her hand.","\n","^Blood? No, lipstick. Lipstick smeared across teeth.","\n",{"->":".^.^.^.g-9"},{"#f":5}],"c-20":["ev",{"^->":"actOne.nine.0.g-8.c-20.$r2"},"/ev",{"temp=":"$r"},{"->":".^.^.16.s"},[{"#n":"$r2"}],{"#":"red"},{"#":"clear"},"\n","^She draws back, letting her fingers run down my shadow's neck before they stop.","\n","^My own shoulder feels electric, and I twitch away from it.","\n","^\"I won't kiss you, then. For now.\" ",{"#":"winter"},"\n","^\"If we're doing this, I'll get to kiss you some time.\" ",{"#":"winter"},"\n","^I look at her, stare right into the depths of her eyes. Dark and hollow and sparkling.","\n",{"->":".^.^.^.g-9"},{"#f":5}],"c-21":["^ ",{"#":"clear"},"\n","^A thought flashes through my mind, of climbing on top of her and pinning her to the bench.","\n","^But I could never, *would* never,","\n",[["ev",{"^->":"actOne.nine.0.g-8.c-21.7.0.$r1"},{"temp=":"$r"},"str",{"->":".^.s"},[{"#n":"$r1"}],"/str","/ev",{"*":".^.^.c-0","flg":18},{"s":["^I know I'm not meant to feel these things, and--",{"->":"$r","var":true},null]}],{"c-0":["ev",{"^->":"actOne.nine.0.g-8.c-21.7.c-0.$r2"},"/ev",{"temp=":"$r"},{"->":".^.^.0.s"},[{"#n":"$r2"}],"\n",{"->":".^.^.g-0"},{"#f":5}],"g-0":[{"->":".^.^.^.^.^.g-9"},null]}],{"#f":5}]}],"g-9":["ev","str","^And then the shadow takes over again, and I black out.","/str","/ev",{"*":".^.c-22","flg":20},{"c-22":["^ ",{"#":"clear"},"\n",{"->":".^.^.^.g-10"},{"#f":5}]}],"g-10":[{"#":"stop | duration: 150"},{"->":"actTwo"},null]}],null]}],"actTwo":[[{"#":"delay: 2500"},{"#":"play: act2 | delay: 1500"},"ev","str","^ACT TWO","/str","/ev",{"*":".^.c-0","flg":20},{"c-0":["\n",{"->":".^.^.g-0"},{"#f":5}],"g-0":["^\"What do you mean, you don't cook?\" ",{"#":"red"},"\n","^Winter shrugs and pours herself another glass of wine, cigarette between her teeth.","\n","^\"I just don't. If I eat proper food I buy it.\" ",{"#":"winter"},"\n","^\"I like restaurant food.\" ",{"#":"winter"},"\n",{"#":"frame: bedroom_bg1:4, bedroom_fg1:10, bedroom_fg2:8, bedroom_fg4:-10"},"^I look at her dumbfounded. She must be spending as much on takeout as I do on rent.","\n",["ev",{"^->":"actTwo.0.g-0.14.$r1"},{"temp=":"$r"},"str",{"->":".^.s"},[{"#n":"$r1"}],"/str","/ev",{"*":".^.^.c-1","flg":18},{"s":["^\"How the hell do you afford it?\" ",{"->":"$r","var":true},null]}],["ev",{"^->":"actTwo.0.g-0.15.$r1"},{"temp=":"$r"},"str",{"->":".^.s"},[{"#n":"$r1"}],"/str","/ev",{"*":".^.^.c-2","flg":18},{"s":["^\"That seems so lazy.\" ",{"->":"$r","var":true},null]}],["ev",{"^->":"actTwo.0.g-0.16.$r1"},{"temp=":"$r"},"str",{"->":".^.s"},[{"#n":"$r1"}],"/str","/ev",{"*":".^.^.c-3","flg":18},{"s":["^\"I'd miss cooking.\" ",{"->":"$r","var":true},null]}],{"c-1":["ev",{"^->":"actTwo.0.g-0.c-1.$r2"},"/ev",{"temp=":"$r"},{"->":".^.^.14.s"},[{"#n":"$r2"}],{"#":"red"},"\n","^\"We aren't all broke PhD students, Red. I'm not *that* much of a stereotype.\" ",{"#":"winter"},"\n","^\"I only spend a day a week on studies. The rest is programming.\" ",{"#":"winter"},"\n","^\"You should take it up, honestly. Pays great.\" ",{"#":"winter"},"\n",[["ev",{"^->":"actTwo.0.g-0.c-1.17.0.$r1"},{"temp=":"$r"},"str",{"->":".^.s"},[{"#n":"$r1"}],"/str","/ev",{"*":".^.^.c-0","flg":18},{"s":["^\"Really?\" ",{"->":"$r","var":true},null]}],["ev",{"^->":"actTwo.0.g-0.c-1.17.1.$r1"},{"temp=":"$r"},"str",{"->":".^.s"},[{"#n":"$r1"}],"/str","/ev",{"*":".^.^.c-1","flg":18},{"s":["^\"I'm not a stereotype.\" ",{"->":"$r","var":true},null]}],{"c-0":["ev",{"^->":"actTwo.0.g-0.c-1.17.c-0.$r2"},"/ev",{"temp=":"$r"},{"->":".^.^.0.s"},[{"#n":"$r2"}],{"#":"red"},"\n","^\"Sure. Flexible hours, work from home... it's a good gig.\" ",{"#":"winter"},"\n","^\"I could teach you the basics sometime, if you want.\" ",{"#":"winter"},"\n",{"->":"actTwo.0.g-1"},{"#f":5}],"c-1":["ev",{"^->":"actTwo.0.g-0.c-1.17.c-1.$r2"},"/ev",{"temp=":"$r"},{"->":".^.^.1.s"},[{"#n":"$r2"}],{"#":"red"},"\n","^\"We both are. That's the joke. Girls like us, we're broke or we're programmers. Or both.\" ",{"#":"winter"},"\n","^\"Or baristas, I guess. When I first came out, I tried to make it work at Starbucks, because they cover all the big surgeries, but--\" ",{"#":"winter"},"\n",{"->":"actTwo.0.g-1"},{"#f":5}]}],{"#f":5}],"c-2":["ev",{"^->":"actTwo.0.g-0.c-2.$r2"},"/ev",{"temp=":"$r"},{"->":".^.^.15.s"},[{"#n":"$r2"}],{"#":"red"},"\n","^She stares at me for a moment. Frowning, maybe?","\n","^\"I just have different priorities.\" ",{"#":"winter"},"\n","^\"I prefer to...\" ",{"#":"winter"},"\n",{"->":".^.^.^.g-1"},{"#f":5}],"c-3":["ev",{"^->":"actTwo.0.g-0.c-3.$r2"},"/ev",{"temp=":"$r"},{"->":".^.^.16.s"},[{"#n":"$r2"}],{"#":"red"},"\n","^She grins, and leans against the counter.","\n","^\"You're welcome to cook for me.\" ",{"#":"winter"},"\n",{"->":".^.^.^.g-1"},{"#f":5}]}],"g-1":["^\"Or... hmm. Maybe that's getting too personal.\" ",{"#":"winter"},"\n","^She slowly waves a finger at me to tell me off.","\n","^\"Besides, you didn't come here to criticise my cooking, did you?\" ",{"#":"winter"},"\n",["ev",{"^->":"actTwo.0.g-1.8.$r1"},{"temp=":"$r"},"str",{"->":".^.s"},[{"#n":"$r1"}],"/str","/ev",{"*":".^.^.c-4","flg":18},{"s":["^\"No.\" ",{"->":"$r","var":true},null]}],["ev",{"^->":"actTwo.0.g-1.9.$r1"},{"temp=":"$r"},"str",{"->":".^.s"},[{"#n":"$r1"}],"/str","/ev",{"*":".^.^.c-5","flg":18},{"s":["^\"Well...\" ",{"->":"$r","var":true},null]}],{"c-4":["ev",{"^->":"actTwo.0.g-1.c-4.$r2"},"/ev",{"temp=":"$r"},{"->":".^.^.8.s"},[{"#n":"$r2"}],{"#":"red"},{"#":"clear"},"\n",{"->":".^.^.^.g-2"},{"#f":5}],"c-5":["ev",{"^->":"actTwo.0.g-1.c-5.$r2"},"/ev",{"temp=":"$r"},{"->":".^.^.9.s"},[{"#n":"$r2"}],{"#":"red"},{"#":"clear"},"\n","^She shakes her head in mock disapproval.","\n",{"->":".^.^.^.g-2"},{"#f":5}]}],"g-2":["^\"Tell me what we're doing this time.\" ",{"#":"winter"},"\n",{"#":"frame: bedroom_bg1:4, bedroom_fg1:10, bedroom_fg2:8, bedroom_fg3:3.5"},"^She takes a seat in the depths of her sofa, and sips her wine, watching me.","\n","ev","str","^\"So...\"","/str","/ev",{"*":".^.c-6","flg":20},"ev","str","^\"...There's this girl.\"","/str","/ev",{"*":".^.c-7","flg":20},{"c-6":["^ ",{"#":"red"},"\n",{"->":".^.^.^.g-3"},{"#f":5}],"c-7":["^ ",{"#":"red"},"\n",{"->":".^.^.^.g-3"},{"#f":5}]}],"g-3":["^I tell her about Lilly.","\n","^I tell her about the girl in my lecture who's sat next to me twice now, and asked me out for coffee once.","\n","^We haven't gone yet; it's tomorrow.","\n",["ev",{"^->":"actTwo.0.g-3.6.$r1"},{"temp=":"$r"},"str",{"->":".^.s"},[{"#n":"$r1"}],"/str","/ev",{"*":".^.^.c-8","flg":18},{"s":["^\"And what do you want to do with her?\" ",{"->":"$r","var":true},null]}],{"c-8":["ev",{"^->":"actTwo.0.g-3.c-8.$r2"},"/ev",{"temp=":"$r"},{"->":".^.^.6.s"},[{"#n":"$r2"}],{"#":"winter"},{"#":"clear"},"\n",{"->":".^.^.^.g-4"},{"#f":5}]}],"g-4":["^As I talk, we start our little dance again.","\n","^I can't remember how many times it's been now - six, seven maybe.","\n","^The memories of each visit are so hard to pin down, just wisps of half-remembered touch.","\n","^Winter lets me talk. And as I do, she performs whatever I say on my shadow, the fuzzy half-feeling of it rippling through me, as if muffled through cloth.","\n","^She never seems self-conscious as I tell her things to do, never questions them.","\n","^But I never let myself look at her for too long.","\n","^Gradually, my shadow seems to... change.","\n","^It still looks like me in silhouette, but it's like there's another person layered over.","\n",["ev",{"^->":"actTwo.0.g-4.16.$r1"},{"temp=":"$r"},"str",{"->":".^.s"},[{"#n":"$r1"}],"/str","/ev",{"*":".^.^.c-9","flg":18},{"s":["^I have the horrible feeling it's Lilly. ",{"->":"$r","var":true},null]}],{"c-9":["ev",{"^->":"actTwo.0.g-4.c-9.$r2"},"/ev",{"temp=":"$r"},{"->":".^.^.16.s"},[{"#n":"$r2"}],{"#":"clear"},"\n",{"->":".^.^.^.g-5"},{"#f":5}]}],"g-5":[{"#":"frame: park_bg4:6"},"^Part of me feels guilt for this play-act we perform,","\n","^all mixed up with the guilt I feel for having any feelings in the first place.","\n","^I thought maybe it would start to go away, after we did this a few times, but it's barely made a dent.","\n","^Instead it just feels I've made Winter culpable for my desires, too.","\n","ev","str","^Which feels...","/str","/ev",{"*":".^.c-10","flg":20},{"c-10":["^ ...","\n",{"->":".^.^.^.g-6"},{"#f":5}]}],"g-6":[{"#":"clear"},"^Winter senses something is wrong, and turns her attention from my shadow to me.","\n","^\"Do you want to stop?\" ",{"#":"winter"},"\n","^For a moment it's difficult to talk with her fingers in my mouth,","\n","^but then the fog clears, and I remember she's still only touching my shadow.","\n",["ev",{"^->":"actTwo.0.g-6.10.$r1"},{"temp=":"$r"},"str",{"->":".^.s"},[{"#n":"$r1"}],"/str","/ev",{"*":".^.^.c-11","flg":18},{"s":["^\"Yes.\" ",{"->":"$r","var":true},null]}],["ev",{"^->":"actTwo.0.g-6.11.$r1"},{"temp=":"$r"},"str",{"->":".^.s"},[{"#n":"$r1"}],"/str","str","^\"","/str","/ev",{"*":".^.^.c-12","flg":22},{"s":["^\"No.",{"->":"$r","var":true},null]}],["ev",{"^->":"actTwo.0.g-6.12.$r1"},{"temp=":"$r"},"str",{"->":".^.s"},[{"#n":"$r1"}],"/str","/ev",{"*":".^.^.c-13","flg":18},{"s":["^\"I don't know.\" ",{"->":"$r","var":true},null]}],{"c-11":["ev",{"^->":"actTwo.0.g-6.c-11.$r2"},"/ev",{"temp=":"$r"},{"->":".^.^.10.s"},[{"#n":"$r2"}],{"#":"red"},"\n",{"->":".^.^.^.g-7"},{"#f":5}],"c-12":["ev",{"^->":"actTwo.0.g-6.c-12.$r2"},"/ev",{"temp=":"$r"},{"->":".^.^.11.s"},[{"#n":"$r2"}],"^ I... maybe.\" ",{"#":"red"},"\n","^As I say no, I become increasingly sure I mean yes.","\n",{"->":".^.^.^.g-7"},{"#f":5}],"c-13":["ev",{"^->":"actTwo.0.g-6.c-13.$r2"},"/ev",{"temp=":"$r"},{"->":".^.^.12.s"},[{"#n":"$r2"}],{"#":"red"},"\n",{"->":".^.^.^.g-7"},{"#f":5}]}],"g-7":[{"#":"clear"},"^Winter draws back, kneeling in front of me on the bed.","\n",{"#":"frame: bedroom_bg2:4, bedroom_fg1:8, bedroom_fg2:9, bedroom_fg5:9"},"^Kayfabe has been broken now, and I see the three of us as if from above.","\n","^My shadow and Winter backing away from each other, like guilty teens caught in a cupboard,","\n","^and myself watching the two of them from barely a foot away.","\n","^The clothes Winter picked out for me barely register, until I realise I'm cold.","\n","^I've been cold for some time, and never noticed.","\n","^\"You don't seem as into it today.\" ",{"#":"winter"},"\n",["ev",{"^->":"actTwo.0.g-7.17.$r1"},{"temp=":"$r"},"str",{"->":".^.s"},[{"#n":"$r1"}],"/str","str","^\"","/str","/ev",{"*":".^.^.c-14","flg":22},{"s":["^\"I'm not.",{"->":"$r","var":true},null]}],["ev",{"^->":"actTwo.0.g-7.18.$r1"},{"temp=":"$r"},"str",{"->":".^.s"},[{"#n":"$r1"}],"/str","str","^\"","/str","/ev",{"*":".^.^.c-15","flg":22},{"s":["^\"I","ev",{"CNT?":"actTwo.0.g-6.c-13"},"/ev",[{"->":".^.b","c":true},{"b":["^...",{"->":".^.^.^.5"},null]}],"nop","^ don't know.",{"->":"$r","var":true},null]}],["ev",{"^->":"actTwo.0.g-7.19.$r1"},{"temp=":"$r"},"str",{"->":".^.s"},[{"#n":"$r1"}],"/str","str","^\"","/str","/ev",{"*":".^.^.c-16","flg":22},{"s":["^\"I'm sorry.",{"->":"$r","var":true},null]}],{"c-14":["ev",{"^->":"actTwo.0.g-7.c-14.$r2"},"/ev",{"temp=":"$r"},{"->":".^.^.17.s"},[{"#n":"$r2"}],"^ ",{"#":"red"},{"#":"clear"},"\n",{"->":".^.^.^.g-8"},{"#f":5}],"c-15":["ev",{"^->":"actTwo.0.g-7.c-15.$r2"},"/ev",{"temp=":"$r"},{"->":".^.^.18.s"},[{"#n":"$r2"}],"^ ",{"#":"red"},{"#":"clear"},"\n",{"->":".^.^.^.g-8"},{"#f":5}],"c-16":["ev",{"^->":"actTwo.0.g-7.c-16.$r2"},"/ev",{"temp=":"$r"},{"->":".^.^.19.s"},[{"#n":"$r2"}],"^ ",{"#":"red"},{"#":"clear"},"\n",{"->":".^.^.^.g-8"},{"#f":5}]}],"g-8":["<>","^ I don't know about all this.\" ",{"#":"red"},"\n","^She looks at me for a moment, then starts hunting around for her hoodie.","\n","^\"You don't think it's working?\" ",{"#":"winter"},"\n","^I honestly can't answer. It's difficult to even know what I think.","\n","^Everything feels like muddy water.","\n","^I curl my knees up to my chest and sit like that for a minute on the bed.","\n","^The underwear Winter gave me to wear digs in at the sides, making it harder to breathe.","\n",["ev",{"^->":"actTwo.0.g-8.17.$r1"},{"temp=":"$r"},"str",{"->":".^.s"},[{"#n":"$r1"}],"/str","/ev",{"*":".^.^.c-17","flg":18},{"s":["^\"Do you really feel like it's helping you at all?\" ",{"->":"$r","var":true},null]}],{"c-17":["ev",{"^->":"actTwo.0.g-8.c-17.$r2"},"/ev",{"temp=":"$r"},{"->":".^.^.17.s"},[{"#n":"$r2"}],{"#":"red"},{"#":"clear"},"\n",{"->":".^.^.^.g-9"},{"#f":5}]}],"g-9":["^She turns to look back at me, unsure for a moment.","\n","^\"Am I getting anything out of this?\" ",{"#":"winter"},"\n","^\"Does watching you be comfortable with feeling attractive help *me*?\" ",{"#":"winter"},"\n",{"#":"frame: bedroom_bg2:4, bedroom_fg1:8, bedroom_fg2:9, bedroom_fg4:9"},"^I don't feel comfortable. I don't feel anything about it either way. But I don't say it.","\n","^Winter's eyes are hollow as she looks at me. They don't burn.","\n","^\"It's difficult to tell.\" ",{"#":"winter"},"\n","^\"Knowing someone else can do what I can't... isn't having the revelatory effect I thought it might.\" ",{"#":"winter"},"\n","^I laugh into my knees and let myself unfurl again, lying down and looking at the ceiling.","\n",["ev",{"^->":"actTwo.0.g-9.21.$r1"},{"temp=":"$r"},"str",{"->":".^.s"},[{"#n":"$r1"}],"/str","/ev",{"*":".^.^.c-18","flg":18},{"s":["^Winter sits on the bed again. ",{"->":"$r","var":true},null]}],{"c-18":["ev",{"^->":"actTwo.0.g-9.c-18.$r2"},"/ev",{"temp=":"$r"},{"->":".^.^.21.s"},[{"#n":"$r2"}],{"#":"clear"},"\n",{"->":".^.^.^.g-10"},{"#f":5}]}],"g-10":[{"#":"frame: bedroom_bg2:4, bedroom_fg1:8, bedroom_fg2:9, bedroom_fg5:9"},"^\"When I watch you fuck my shadow, it feels like there's some... quality, that you have and I don't.\" ",{"#":"red"},"\n","^\"Like someone gave you permission to feel these things. And that makes it alright.\" ",{"#":"red"},"\n","^I hear her take a sip of water and sigh.","\n","^\"I suppose *you* gave me permission.\" ",{"#":"winter"},"\n","^\"Maybe that's all it is.\" ",{"#":"winter"},"\n",["ev",{"^->":"actTwo.0.g-10.15.$r1"},{"temp=":"$r"},"str",{"->":".^.s"},[{"#n":"$r1"}],"/str","/ev",{"*":".^.^.c-19","flg":18},{"s":["^\"I'm glad you can feel that.\" ",{"->":"$r","var":true},null]}],["ev",{"^->":"actTwo.0.g-10.16.$r1"},{"temp=":"$r"},"str",{"->":".^.s"},[{"#n":"$r1"}],"/str","/ev",{"*":".^.^.c-20","flg":18},{"s":["^\"You think so?\" ",{"->":"$r","var":true},null]}],["ev",{"^->":"actTwo.0.g-10.17.$r1"},{"temp=":"$r"},"str",{"->":".^.s"},[{"#n":"$r1"}],"/str","/ev",{"*":".^.^.c-21","flg":18},{"s":["^\"I know what consent is.\" ",{"->":"$r","var":true},null]}],{"c-19":["ev",{"^->":"actTwo.0.g-10.c-19.$r2"},"/ev",{"temp=":"$r"},{"->":".^.^.15.s"},[{"#n":"$r2"}],{"#":"red"},"\n","^\"I mean, it's not--\" ",{"#":"winter"},"\n",{"->":".^.^.^.g-11"},{"#f":5}],"c-20":["ev",{"^->":"actTwo.0.g-10.c-20.$r2"},"/ev",{"temp=":"$r"},{"->":".^.^.16.s"},[{"#n":"$r2"}],{"#":"red"},"\n","^\"Yeah. Maybe.\" ",{"#":"winter"},"\n","^\"But... it's not just permission to feel good, or take what you want, or impose.\" ",{"#":"winter"},"\n",{"->":".^.^.^.g-11"},{"#f":5}],"c-21":["ev",{"^->":"actTwo.0.g-10.c-21.$r2"},"/ev",{"temp=":"$r"},{"->":".^.^.17.s"},[{"#n":"$r2"}],{"#":"red"},"\n","^She laughs then, and I prop myself up on my elbows to watch her do so.","\n","^\"You know that's not what I meant.\" ",{"#":"winter"},"\n",{"->":".^.^.^.g-11"},{"#f":5}]}],"g-11":["^\"It's more like... one partner gives permission to the other. So they can feel vulnerable.\" ",{"#":"winter"},"\n","^She looks away.","\n",["ev",{"^->":"actTwo.0.g-11.5.$r1"},{"temp=":"$r"},"str",{"->":".^.s"},[{"#n":"$r1"}],"/str","/ev",{"*":".^.^.c-22","flg":18},{"s":["^\"Is there a difference?\" ",{"->":"$r","var":true},null]}],["ev",{"^->":"actTwo.0.g-11.6.$r1"},{"temp=":"$r"},"str",{"->":".^.s"},[{"#n":"$r1"}],"/str","/ev",{"*":".^.^.c-23","flg":18},{"s":["^\"What if they don't do the same?\" ",{"->":"$r","var":true},null]}],{"c-22":["ev",{"^->":"actTwo.0.g-11.c-22.$r2"},"/ev",{"temp=":"$r"},{"->":".^.^.5.s"},[{"#n":"$r2"}],{"#":"red"},"\n","^\"Yeah, Red.\" ",{"#":"winter"},"\n","^\"That's not the same as *being</i> vulnerable. It's not the same as feeling <i>safe* being vulnerable.\" ",{"#":"winter"},"\n","^\"And if you don't get to feel that, if you don't *both* get that...\" ",{"#":"winter"},"\n",{"->":".^.^.^.g-12"},{"#f":5}],"c-23":["ev",{"^->":"actTwo.0.g-11.c-23.$r2"},"/ev",{"temp=":"$r"},{"->":".^.^.6.s"},[{"#n":"$r2"}],{"#":"red"},"\n",{"->":".^.^.^.g-12"},{"#f":5}]}],"g-12":[{"#":"frame: bedroom_bg2:4, bedroom_fg1:8, bedroom_fg2:9, bedroom_fg5:9"},"^\"Then you have something deeply unbalanced.\" ",{"#":"winter"},"\n","^\"One person baring their soft little heart and the other stepping on it like a snail on wet pavement.\" ",{"#":"winter"},"\n","^I pull a face. And she grins back. She can't help it.","\n","^\"Are you scared of that?\" ",{"#":"red"},"\n","^She doesn't reply straight away.","\n","^I can hear the clock ticking as we sit on her bed in silence.","\n","^\"I mean,\" ",{"#":"winter"},"\n","^\"You have to face your fears, don't you?\" ",{"#":"winter"},"\n",["ev",{"^->":"actTwo.0.g-12.22.$r1"},{"temp=":"$r"},"str",{"->":".^.s"},[{"#n":"$r1"}],"/str","/ev",{"*":".^.^.c-24","flg":18},{"s":["^\"So I hear.\" ",{"->":"$r","var":true},null]}],["ev",{"^->":"actTwo.0.g-12.23.$r1"},{"temp=":"$r"},"str",{"->":".^.s"},[{"#n":"$r1"}],"/str","/ev",{"*":".^.^.c-25","flg":18},{"s":["^\"Isn't that what we're doing?\" ",{"->":"$r","var":true},null]}],["ev",{"^->":"actTwo.0.g-12.24.$r1"},{"temp=":"$r"},"str",{"->":".^.s"},[{"#n":"$r1"}],"/str","/ev",{"*":".^.^.c-26","flg":18},{"s":["^\"Do you?\" ",{"->":"$r","var":true},null]}],{"c-24":["ev",{"^->":"actTwo.0.g-12.c-24.$r2"},"/ev",{"temp=":"$r"},{"->":".^.^.22.s"},[{"#n":"$r2"}],{"#":"red"},{"#":"clear"},"\n",{"->":".^.^.^.g-13"},{"#f":5}],"c-25":["ev",{"^->":"actTwo.0.g-12.c-25.$r2"},"/ev",{"temp=":"$r"},{"->":".^.^.23.s"},[{"#n":"$r2"}],{"#":"red"},{"#":"clear"},"\n","^\"Well, yeah, but...\" ",{"#":"winter"},"\n","^She trails off for a moment, lost for what to say.","\n",{"->":".^.^.^.g-13"},{"#f":5}],"c-26":["ev",{"^->":"actTwo.0.g-12.c-26.$r2"},"/ev",{"temp=":"$r"},{"->":".^.^.24.s"},[{"#n":"$r2"}],{"#":"red"},{"#":"clear"},"\n","^Winter laughs bitterly.","\n","^\"Was there any point in this otherwise?\" ",{"#":"winter"},"\n",{"->":".^.^.^.g-13"},{"#f":5}]}],"g-13":["^She stands up and turns to face me.","\n","^\"I've got a date.\" ",{"#":"winter"},"\n",{"#":"frame: bedroom_bg1:3, bedroom_fg1:3.5, bedroom_fg2:4, bedroom_fg4:4"},"^I raise my eyebrows in surprise.","\n",["ev",{"^->":"actTwo.0.g-13.8.$r1"},{"temp=":"$r"},"str",{"->":".^.s"},[{"#n":"$r1"}],"/str","/ev",{"*":".^.^.c-27","flg":18},{"s":["^\"A date?\" ",{"->":"$r","var":true},null]}],["ev",{"^->":"actTwo.0.g-13.9.$r1"},{"temp=":"$r"},"str",{"->":".^.s"},[{"#n":"$r1"}],"/str","/ev",{"*":".^.^.c-28","flg":18},{"s":["^\"You didn't say anything.\" ",{"->":"$r","var":true},null]}],{"c-27":["ev",{"^->":"actTwo.0.g-13.c-27.$r2"},"/ev",{"temp=":"$r"},{"->":".^.^.8.s"},[{"#n":"$r2"}],{"#":"red"},"\n",{"->":".^.^.^.g-14"},{"#f":5}],"c-28":["ev",{"^->":"actTwo.0.g-13.c-28.$r2"},"/ev",{"temp=":"$r"},{"->":".^.^.9.s"},[{"#n":"$r2"}],{"#":"red"},"\n",{"->":".^.^.^.g-14"},{"#f":5}]}],"g-14":["^She shrugs. It doesn't come across as nonchalant, so much as evasive.","\n","^\"That's what this has all been for, right?\" ",{"#":"winter"},"\n","^\"Guess it *must* be working.\" ",{"#":"winter"},"\n","^\"You let me see how it feels to be comfortable in your own skin, and I put it into practice.\" ",{"#":"winter"},"\n","^\"Is it the guy you mentioned before?\" ",{"#":"red"},"\n","^She nods, and holds my gaze defiantly, as if she's waiting for some criticism.","\n",["ev",{"^->":"actTwo.0.g-14.16.$r1"},{"temp=":"$r"},"str",{"->":".^.s"},[{"#n":"$r1"}],"/str","/ev",{"*":".^.^.c-29","flg":18},{"s":["^I don't have anything to say. ",{"->":"$r","var":true},null]}],{"c-29":["ev",{"^->":"actTwo.0.g-14.c-29.$r2"},"/ev",{"temp=":"$r"},{"->":".^.^.16.s"},[{"#n":"$r2"}],{"#":"clear"},"\n",{"->":".^.^.^.g-15"},{"#f":5}]}],"g-15":["^But just for a moment, I can feel it, as sharp as ice.","\n","^I feel angry and bitter and broken that Winter has found more in our hookups than I have.","\n","^That she's going to outpace me and leave me on my own. That this isn't a respite for me, it's not healing me, it's not helping, it's--","\n",{"#":"frame: bedroom_bg2:3, bedroom_fg1:3.5, bedroom_fg2:4, bedroom_fg4:3.5"},"^I feel something cold wrap around my hands, as my shadow comes in closer to hug me, embrace me.","\n",["ev",{"^->":"actTwo.0.g-15.9.$r1"},{"temp=":"$r"},"str",{"->":".^.s"},[{"#n":"$r1"}],"/str","str","^.","/str","/ev",{"*":".^.^.c-30","flg":22},{"s":["^Winter's eyes widen very slightly",{"->":"$r","var":true},null]}],{"c-30":["ev",{"^->":"actTwo.0.g-15.c-30.$r2"},"/ev",{"temp=":"$r"},{"->":".^.^.9.s"},[{"#n":"$r2"}],"^, and I realise just what I could do to her. ",{"#":"clear"},"\n",{"->":".^.^.^.g-16"},{"#f":5}]}],"g-16":["^In a moment, a sentence or two, I could crush whatever tiny ember of confidence she's trying to keep alive.","\n","^Tell her that everything she's begged me for will never work, as if she could really learn to be comfortable from me, learn to love herself from me,","\n","^when I can't even keep all of myself together.","\n","^But I know the urge is terrible, some monstrous thought that's gone as quickly as it came.","\n","^I'm not angry at her, really. Just me.","\n","^So I find the words.","\n","^...","\n","ev","str","^\"Good for you.\"","/str","/ev",{"*":".^.c-31","flg":20},{"c-31":["^ ",{"#":"red"},{"#":"clear"},"\n",{"->":"actThree"},{"#f":5}]}]}],null],"actThree":[[{"#":"stop | duration: 250"},"ev","str","^ACT THREE","/str","/ev",{"*":".^.c-0","flg":20},{"c-0":["\n",{"->":".^.^.g-0"},{"#f":5}],"g-0":[{"#":"play: act3"},"^My phone drags me out of a stupor as it rings.","\n","^It's nearly midnight, and my tea has gone cold, forgotten as I drift off.","\n","^God, I don't want to talk to her. Not tonight.","\n","^But it's nearly midnight.","\n","^And Winter's calling me.","\n",{"#":"frame: phone_fg:2"},"ev","str","^(Answer)","/str","/ev",{"*":".^.c-1","flg":20},"ev","str","^(Ignore)","/str","/ev",{"*":".^.c-2","flg":20},{"c-1":["^I answer the phone.","\n",{"->":".^.^.^.g-1"},{"#f":5}],"c-2":["^I try to ignore the call.","\n","^It gets to the sixth ring before I question what I'm doing.","\n","^Winter almost never rings me. She hates talking on the phone.","\n","^That, and the time, makes something feel very wrong.","\n",["ev","str","^\"Hello?\"","/str","/ev",{"*":".^.c-0","flg":20},{"c-0":["^ ",{"#":"red"},{"#":"clear"},"\n",{"->":"actThree.0.g-1"},{"#f":5}]}],{"#f":5}]}],"g-1":["^\"Hello?\" ",{"#":"red"},"\n","^The sound on the other end of the line is... crying.","\n","^\"Winter? Are you okay?\" ",{"#":"red"},"\n","^There's a pause, and she lets out a shaking breath.","\n","^\"No.\" ",{"#":"winter"},"\n",["ev",{"^->":"actThree.0.g-1.13.$r1"},{"temp=":"$r"},"str",{"->":".^.s"},[{"#n":"$r1"}],"/str","/ev",{"*":".^.^.c-3","flg":18},{"s":["^\"Can I come over?\" ",{"->":"$r","var":true},null]}],{"c-3":["ev",{"^->":"actThree.0.g-1.c-3.$r2"},"/ev",{"temp=":"$r"},{"->":".^.^.13.s"},[{"#n":"$r2"}],{"#":"winter"},{"#":"clear"},"\n",{"->":".^.^.^.g-2"},{"#f":5}]}],"g-2":["^Winter huddles at the end of my bed, her legs drawn up to her chest.","\n",{"#":"frame: bedroom2_bg1:3, bedroom2_fg1:5, bedroom2_fg2:4, bedroom2_fg3:5"},"^I place a glass next to her and join her on the bed. Near, but not close.","\n","^\"Sorry it's... this. All I've got is cheap vodka.\" ",{"#":"red"},"\n","^Winter necks it in one, and her shoulders hunch up as she makes a face.","\n","^Then she stares down at the empty glass in her hands, and talks.","\n",["ev",{"^->":"actThree.0.g-2.12.$r1"},{"temp=":"$r"},"str",{"->":".^.s"},[{"#n":"$r1"}],"/str","/ev",{"*":".^.^.c-4","flg":18},{"s":["^So I listen. ",{"->":"$r","var":true},null]}],{"c-4":["ev",{"^->":"actThree.0.g-2.c-4.$r2"},"/ev",{"temp=":"$r"},{"->":".^.^.12.s"},[{"#n":"$r2"}],{"#":"clear"},"\n",{"->":".^.^.^.g-3"},{"#f":5}]}],"g-3":["^\"I went to see the boy, finally. Like I said.\" ",{"#":"winter"},"\n",{"#":"frame: park_bg4:3, bedroom2_fg1:5"},"^\"We had food and some drinks and he seemed... nice.\" ",{"#":"winter"},"\n","^\"Interested, y'know? He listened to me.\" ",{"#":"winter"},"\n","^\"It felt really good to get that attention.\" ",{"#":"winter"},"\n","^\"And I like him. Liked him. I don't know.\" ",{"#":"winter"},"\n",["ev",{"^->":"actThree.0.g-3.16.$r1"},{"temp=":"$r"},"str",{"->":".^.s"},[{"#n":"$r1"}],"/str","/ev",{"*":".^.^.c-5","flg":18},{"s":["^\"What happened?\" ",{"->":"$r","var":true},null]}],"ev","str","^(Say nothing.)","/str","/ev",{"*":".^.c-6","flg":20},{"c-5":["ev",{"^->":"actThree.0.g-3.c-5.$r2"},"/ev",{"temp=":"$r"},{"->":".^.^.16.s"},[{"#n":"$r2"}],{"#":"red"},{"#":"clear"},"\n",{"->":".^.^.^.g-4"},{"#f":5}],"c-6":["^ ",{"#":"clear"},"\n","ev",{"VAR?":"sayNothing"},1,"+",{"VAR=":"sayNothing","re":true},"/ev",{"->":".^.^.^.g-4"},{"#f":5}]}],"g-4":["^Winter swallows.","\n","^\"We went back to my flat. And he-- we started to make out.\" ",{"#":"winter"},"\n","^\"It felt so good at first to be desired. I felt... confident.\" ",{"#":"winter"},"\n","^\"And he was so complimentary, I thought-- I thought it meant I was attractive.\" ",{"#":"winter"},"\n","^\"I thought I could live with it, if that's how it felt.\" ",{"#":"winter"},"\n",["ev",{"^->":"actThree.0.g-4.14.$r1"},{"temp=":"$r"},"str",{"->":".^.s"},[{"#n":"$r1"}],"/str","/ev",{"*":".^.^.c-7","flg":18},{"s":["^\"Go on.\" ",{"->":"$r","var":true},null]}],"ev","str","^(Say nothing.)","/str",{"VAR?":"sayNothing"},"!","/ev",{"*":".^.c-8","flg":21},{"c-7":["ev",{"^->":"actThree.0.g-4.c-7.$r2"},"/ev",{"temp=":"$r"},{"->":".^.^.14.s"},[{"#n":"$r2"}],{"#":"red"},"\n",{"->":".^.^.^.g-5"},{"#f":5}],"c-8":["^ ","\n","<>","^ I let her keep talking.","\n","ev",{"VAR?":"sayNothing"},1,"+",{"VAR=":"sayNothing","re":true},"/ev",{"->":".^.^.^.g-5"},{"#f":5}]}],"g-5":["^\"But it felt... wrong, gradually.\" ",{"#":"winter"},"\n","^\"Like he was no longer seeing the person I'd been earlier, talking and flirting and being human, y'know?\" ",{"#":"winter"},"\n","^\"It felt like he was just looking at me and seeing a trans girl. An archtype-- no, that's too kind a word. A cut of meat that he liked.\" ",{"#":"winter"},"\n","^\"And I wondered if he'd ever seen me as anything different.\" ",{"#":"winter"},"\n",["ev",{"^->":"actThree.0.g-5.12.$r1"},{"temp=":"$r"},"str",{"->":".^.s"},[{"#n":"$r1"}],"/str","str","^\"","/str","/ev",{"*":".^.^.c-9","flg":22},{"s":["^\"Winter...",{"->":"$r","var":true},null]}],["ev",{"^->":"actThree.0.g-5.13.$r1"},{"temp=":"$r"},"str",{"->":".^.s"},[{"#n":"$r1"}],"/str","/ev",{"*":".^.^.c-10","flg":18},{"s":["^\"Did he hurt you?\" ",{"->":"$r","var":true},null]}],"ev","str","^(Say nothing.)","/str",{"VAR?":"sayNothing"},"!","/ev",{"*":".^.c-11","flg":21},{"c-9":["ev",{"^->":"actThree.0.g-5.c-9.$r2"},"/ev",{"temp=":"$r"},{"->":".^.^.12.s"},[{"#n":"$r2"}],"^ I'm sorry.\" ",{"#":"red"},{"#":"clear"},"\n",{"->":".^.^.^.g-6"},{"#f":5}],"c-10":["ev",{"^->":"actThree.0.g-5.c-10.$r2"},"/ev",{"temp=":"$r"},{"->":".^.^.13.s"},[{"#n":"$r2"}],{"#":"red"},{"#":"clear"},"\n","^\"No. Nothing like that. But...\" ",{"#":"winter"},"\n",{"->":".^.^.^.g-6"},{"#f":5}],"c-11":["^ ",{"#":"clear"},"\n","ev",{"VAR?":"sayNothing"},1,"+",{"VAR=":"sayNothing","re":true},"/ev",{"->":".^.^.^.g-6"},{"#f":5}]}],"g-6":["^\"I thought maybe that I had to just endure it. That this is just how it feels, right?\" ",{"#":"winter"},"\n","^\"I hated it, more and more as it went on, but I couldn't tear myself away, in case I stopped just before it suddenly started to feel right.\" ",{"#":"winter"},"\n","^\"But it never felt right, it never did, and when he finally finished, he couldn't even look at me.\" ",{"#":"winter"},"\n","^\"He didn't look at me the same, even when he left. Like there was a distance, or... like it was an act.\" ",{"#":"winter"},"\n","ev","str","^(Touch her shoulder.)","/str","/ev",{"*":".^.c-12","flg":20},["ev",{"^->":"actThree.0.g-6.18.$r1"},{"temp=":"$r"},"str",{"->":".^.s"},[{"#n":"$r1"}],"/str","str","^\"","/str","/ev",{"*":".^.^.c-13","flg":22},{"s":["^\"I know what you mean.",{"->":"$r","var":true},null]}],"ev","str","^(Say nothing.)","/str",{"VAR?":"sayNothing"},"!","/ev",{"*":".^.c-14","flg":21},{"c-12":["^ I reach out and touch her shoulder.","\n","^Winter flinches a little, but doesn't push my hand away.","\n",{"->":".^.^.^.g-7"},{"#f":5}],"c-13":["ev",{"^->":"actThree.0.g-6.c-13.$r2"},"/ev",{"temp=":"$r"},{"->":".^.^.18.s"},[{"#n":"$r2"}],"^ The way someone fronts like they like you, like they want you, as a person. But they...\" ",{"#":"red /"},"\n","^\"...yeah.\" ",{"#":"red"},"\n",{"->":".^.^.^.g-7"},{"#f":5}],"c-14":["^ When I don't respond, Winter looks up at me.","\n","^\"Tell me I'm wrong about him, Red.\" ",{"#":"winter"},"\n","^I don't know if I can.","\n",{"->":".^.^.^.g-7"},{"#f":5}]}],"g-7":[{"#":"frame: bedroom2_bg1:3, bedroom2_fg1:5, bedroom2_fg2:4, bedroom2_fg3:5"},"^\"You deserve better, Winter.\" ",{"#":"red"},"\n","^She sniffs and looks at my face for a moment.","\n","^\"I can still feel his hands on me.\" ",{"#":"winter"},"\n",["ev",{"^->":"actThree.0.g-7.9.$r1"},{"temp=":"$r"},"str",{"->":".^.s"},[{"#n":"$r1"}],"/str","/ev",{"*":".^.^.c-15","flg":18},{"s":["^\"Like a drop of dye in water.\" ",{"->":"$r","var":true},null]}],{"c-15":["ev",{"^->":"actThree.0.g-7.c-15.$r2"},"/ev",{"temp=":"$r"},{"->":".^.^.9.s"},[{"#n":"$r2"}],{"#":"winter"},{"#":"clear"},"\n",{"->":".^.^.^.g-8"},{"#f":5}]}],"g-8":["^She grabs my hand suddenly.","\n",{"#":"frame: hands2:2"},"^\"Can you drown him out for me, Meredith?\" ",{"#":"winter"},"\n",["ev",{"^->":"actThree.0.g-8.6.$r1"},{"temp=":"$r"},"str",{"->":".^.s"},[{"#n":"$r1"}],"/str","/ev",{"*":".^.^.c-16","flg":18},{"s":["^\"What do you mean?\" ",{"->":"$r","var":true},null]}],["ev",{"^->":"actThree.0.g-8.7.$r1"},{"temp=":"$r"},"str",{"->":".^.s"},[{"#n":"$r1"}],"/str","/ev",{"*":".^.^.c-17","flg":18},{"s":["^\"'Meredith'?\" ",{"->":"$r","var":true},null]}],{"c-16":["ev",{"^->":"actThree.0.g-8.c-16.$r2"},"/ev",{"temp=":"$r"},{"->":".^.^.6.s"},[{"#n":"$r2"}],{"#":"red"},{"#":"clear"},"\n",{"->":".^.^.^.g-9"},{"#f":5}],"c-17":["ev",{"^->":"actThree.0.g-8.c-17.$r2"},"/ev",{"temp=":"$r"},{"->":".^.^.7.s"},[{"#n":"$r2"}],{"#":"red"},{"#":"clear"},"\n","^She looks down for a second, and somehow I can tell she's blushing.","\n","^\"I'm being sincere. Using your proper name felt right.\" ",{"#":"winter"},"\n","^\"Look, just--\" ",{"#":"winter"},"\n",{"->":".^.^.^.g-9"},{"#f":5}]}],"g-9":["^She pulls me towards her by the arm.","\n","^Her grip is soft, and bitterly cold. But it's comforting, too. And when my hand reaches her skin...","\n","^Have I ever actually touched her like this?","\n","^I can feel my shadow stir next to me, remembering.","\n","^\"If I have to keep feeling someone's hands on me, I won't mind if it's you, Red.\" ",{"#":"winter"},"\n","^\"You...\" ",{"#":"winter"},"\n","^\"I don't want to believe you see me the same way he did.\" ",{"#":"winter"},"\n",["ev",{"^->":"actThree.0.g-9.17.$r1"},{"temp=":"$r"},"str",{"->":".^.s"},[{"#n":"$r1"}],"/str","/ev",{"*":".^.^.c-18","flg":18},{"s":["^\"I don't.\" ",{"->":"$r","var":true},null]}],["ev",{"^->":"actThree.0.g-9.18.$r1"},{"temp=":"$r"},"str",{"->":".^.s"},[{"#n":"$r1"}],"/str","/ev",{"*":".^.^.c-19","flg":18},{"s":["^\"I couldn't.\" ",{"->":"$r","var":true},null]}],{"c-18":["ev",{"^->":"actThree.0.g-9.c-18.$r2"},"/ev",{"temp=":"$r"},{"->":".^.^.17.s"},[{"#n":"$r2"}],{"#":"red"},"\n",{"->":".^.^.^.g-10"},{"#f":5}],"c-19":["ev",{"^->":"actThree.0.g-9.c-19.$r2"},"/ev",{"temp=":"$r"},{"->":".^.^.18.s"},[{"#n":"$r2"}],{"#":"red"},"\n",{"->":".^.^.^.g-10"},{"#f":5}]}],"g-10":["^\"Help me forget, then. Please.\" ",{"#":"winter"},"\n","^\"I'll tell you what to do, what-- what he did.\" ",{"#":"winter"},"\n",["ev",{"^->":"actThree.0.g-10.6.$r1"},{"temp=":"$r"},"str",{"->":".^.s"},[{"#n":"$r1"}],"/str","/ev",{"*":".^.^.c-20","flg":18},{"s":["^\"Just like the other times. Like did I for you.\" ",{"->":"$r","var":true},null]}],{"c-20":["ev",{"^->":"actThree.0.g-10.c-20.$r2"},"/ev",{"temp=":"$r"},{"->":".^.^.6.s"},[{"#n":"$r2"}],{"#":"winter"},{"#":"clear"},"\n",{"->":".^.^.^.g-11"},{"#f":5}]}],"g-11":["^My shadow guides my hand to her neck, and I don't fight it.","\n","^Winter twitches as my fingertips brush her skin, willing herself to stay still.","\n","^\"He started with my blouse.\" ",{"#":"winter"},"\n","ev","str","^(Take it off.)","/str","/ev",{"*":".^.c-21","flg":20},"ev","str","^(Tear it off.)","/str","/ev",{"*":".^.c-22","flg":20},"ev","str","^(Hesitate.)","/str","/ev",{"*":".^.c-23","flg":20},{"c-21":["\n","^Winter's hands join my own, working with mine to shrug off her blouse.","\n",{"->":".^.^.^.g-12"},{"#f":5}],"c-22":["\n","^I grab her blouse, clumsily pulling it over her head. Her eyes are wide.","\n","^Why can't I let myself want this?","\n",{"->":".^.^.^.g-12"},{"#f":5}],"c-23":["\n","^Winter watches me for a moment, then takes her blouse off, and lets it fall down the side of the bed.","\n",{"->":".^.^.^.g-12"},{"#f":5}]}],"g-12":["^Her skin is so smooth.","\n","^Out the corner of my eye I see her look at my face, watching me, waiting.","\n","^\"You're pretty. You've never shown me before.\" ",{"#":"red"},"\n","^\"Red...\" ",{"#":"winter"},"\n",["ev","str","^(Touch her stomach.)","/str","/ev",{"*":".^.c-24","flg":20},"ev","str","^(Touch her bra.)","/str","/ev",{"*":".^.c-25","flg":20},"ev","str","^(Wait.)","/str","/ev",{"*":".^.c-26","flg":20},{"c-24":["^ ",{"#":"clear"},"\n","^I let my fingers drop to her stomach, tracing them along her side.","\n","^Where I touch her, Winter instinctively moves away as if I've pushed.","\n","^She makes a squashed little noise, and closes her eyes.","\n",{"->":".^.^.^.^.g-13"},{"#f":5}],"c-25":["^ ",{"#":"clear"},"\n","^I let my hand cup her breast through the stretched fabric of her bra.","\n","^It's plain, black, a recognisably standard and cautious choice.","\n","^I think it's one she had me wear.","\n","^Winter takes a breath, and I can feel her chest rise as she does so.","\n",{"->":".^.^.^.^.g-13"},{"#f":5}],"c-26":["\n","^I look up at her, waiting for some kind of sign it's okay.","\n","ev",{"CNT?":".^.^.^.^.g-11.c-23"},"/ev",[{"->":".^.b","c":true},{"b":["^\"Red, please, I-- I need this.\"",{"->":".^.^.^.8"},null]}],[{"->":".^.b"},{"b":["^\"Please.\"",{"->":".^.^.^.8"},null]}],"nop","^ ",{"#":"winter"},"\n",{"->":".^.^"},{"->":".^.^.^.^.g-13"},{"#f":5}],"#n":"touch"}],null],"g-13":["^It feels strange to lead this dance.","\n","^My shadow wraps itself around me, its hands on the back of my own. I can feel its heart beating through me.","\n",{"#":"frame: kiss_winter:3, kiss_shadow:4, kiss_red:3.1"},"^I think about how Winter did this before. To my shadow.","\n","^I wonder if that's how she wants me to act, or...","\n",["ev",{"^->":"actThree.0.g-13.9.$r1"},{"temp=":"$r"},"str",{"->":".^.s"},[{"#n":"$r1"}],"/str","/ev",{"*":".^.^.c-27","flg":18},{"s":["^\"How did he touch you?\" ",{"->":"$r","var":true},null]}],["ev",{"^->":"actThree.0.g-13.10.$r1"},{"temp=":"$r"},"str",{"->":".^.s"},[{"#n":"$r1"}],"/str","/ev",{"*":".^.^.c-28","flg":18},{"s":["^\"Tell me what to do.\" ",{"->":"$r","var":true},null]}],{"c-27":["ev",{"^->":"actThree.0.g-13.c-27.$r2"},"/ev",{"temp=":"$r"},{"->":".^.^.9.s"},[{"#n":"$r2"}],{"#":"red"},"\n",{"->":".^.^.^.g-14"},{"#f":5}],"c-28":["ev",{"^->":"actThree.0.g-13.c-28.$r2"},"/ev",{"temp=":"$r"},{"->":".^.^.10.s"},[{"#n":"$r2"}],{"#":"red"},"\n",{"->":".^.^.^.g-14"},{"#f":5}]}],"g-14":["^She takes a deep breath, recounting.","\n","^\"He had rough hands. They never stayed in one place long enough to get used to.\" ",{"#":"winter"},"\n","^Nothing like Winter's.","\n",[["ev",{"^->":"actThree.0.g-14.wheretouch.0.$r1"},{"temp=":"$r"},"str",{"->":".^.s"},[{"#n":"$r1"}],"/str","/ev",{"*":".^.^.c-29","flg":18},{"s":["^\"Did you like that?\" ",{"->":"$r","var":true},null]}],["ev",{"^->":"actThree.0.g-14.wheretouch.1.$r1"},{"temp=":"$r"},"str",{"->":".^.s"},[{"#n":"$r1"}],"/str","/ev",{"*":".^.^.c-30","flg":18},{"s":["^\"Is there somewhere you want me to touch you?\" ",{"->":"$r","var":true},null]}],{"c-29":["ev",{"^->":"actThree.0.g-14.wheretouch.c-29.$r2"},"/ev",{"temp=":"$r"},{"->":".^.^.0.s"},[{"#n":"$r2"}],{"#":"red"},"\n","^\"No.\" ",{"#":"winter"},"\n","^\"When I asked him to touch somewhere, he'd get bored after a minute and move.\" ",{"#":"winter"},"\n","^\"So I stopped asking.\" ",{"#":"winter"},"\n",{"->":".^.^"},{"->":".^.^.^.^.g-15"},{"#f":5}],"c-30":["ev",{"^->":"actThree.0.g-14.wheretouch.c-30.$r2"},"/ev",{"temp=":"$r"},{"->":".^.^.1.s"},[{"#n":"$r2"}],{"#":"red"},{"#":"clear"},"\n",{"->":".^.^.^.^.g-15"},{"#f":5}],"#n":"wheretouch"}],null],"g-15":["^Winter hesitates.","\n","^Without saying anything, she takes my hand between both of hers, and guides it to her neck.","\n",{"#":"frame: kiss_winter:5, kiss_shadow:2, kiss_red:6"},"^I run my thumb along the line where skin turns to bone.","\n","^Her breath catches as my fingers trace up her jaw and come to rest on her cheekbone.","\n",["ev",{"^->":"actThree.0.g-15.9.$r1"},{"temp=":"$r"},"str",{"->":".^.s"},[{"#n":"$r1"}],"/str","/ev",{"*":".^.^.c-31","flg":18},{"s":["^\"You're warm.\" ",{"->":"$r","var":true},null]}],{"c-31":["ev",{"^->":"actThree.0.g-15.c-31.$r2"},"/ev",{"temp=":"$r"},{"->":".^.^.9.s"},[{"#n":"$r2"}],{"#":"red"},"\n",{"->":".^.^.^.g-16"},{"#f":5}]}],"g-16":["^\"You know how your shadow felt?\" ",{"#":"winter"},"\n","^\"Like a real person, soft to the touch.\" ",{"#":"winter"},"\n","^She raises her own hand to touch my face in return, her thin fingers mirroring mine on her cheek.","\n","^Then she shifts her hand to my shadow instead, watching over my shoulder, and touches its cheek.","\n","^I feel the fuzzy impression of it again, like static.","\n","ev","str","^It feels nice.","/str","/ev",{"*":".^.c-32","flg":20},"ev","str","^It feels strange.","/str","/ev",{"*":".^.c-33","flg":20},"ev","str","^It feels familiar.","/str","/ev",{"*":".^.c-34","flg":20},{"c-32":["\n",{"->":".^.^.^.g-17"},{"#f":5}],"c-33":["\n",{"->":".^.^.^.g-17"},{"#f":5}],"c-34":["\n",{"->":".^.^.^.g-17"},{"#f":5}]}],"g-17":[{"#":"clear"},"^\"Do you think it's really part of us?\" ",{"#":"winter"},"\n","^\"Or is your shadow and my face just some kind of delusion?\" ",{"#":"winter"},"\n","^Winter tugs the shadow by the collar, and I fall forward with it, pinning her to the bed.","\n","^She takes my hand and hesitantly guides it back to her neck.","\n",["ev",{"^->":"actThree.0.g-17.11.$r1"},{"temp=":"$r"},"str",{"->":".^.s"},[{"#n":"$r1"}],"/str","str","^.","/str","/ev",{"*":".^.^.c-35","flg":22},{"s":["^I oblige",{"->":"$r","var":true},null]}],{"c-35":["ev",{"^->":"actThree.0.g-17.c-35.$r2"},"/ev",{"temp=":"$r"},{"->":".^.^.11.s"},[{"#n":"$r2"}],"^, and she covers her eyes with the back of a hand.","\n",{"->":".^.^.^.g-18"},{"#f":5}]}],"g-18":["^\"I never know if people can't see my skull or if they just don't care.\" ",{"#":"winter"},"\n","^\"Would it be so bad? If they couldn't?\" ",{"#":"red"},"\n",{"#":"frame: winterlay:5, hand4:3"},"^She peeks through her fingers at me.","\n","^I've never seen her so fragile.","\n","^\"I'm scared of someone being attracted to just part of me. To *that* part of me.\" ",{"#":"winter"},"\n","^\"Like I might ruin myself by revealing that I'm human, too, ",{"#":"winter"},"\n","^and it's too much to bear for both of us.\" ",{"#":"winter"},"\n",["ev",{"^->":"actThree.0.g-18.20.$r1"},{"temp=":"$r"},"str",{"->":".^.s"},[{"#n":"$r1"}],"/str","/ev",{"*":".^.^.c-36","flg":18},{"s":["^\"You're not ruining yourself.\" ",{"->":"$r","var":true},null]}],["ev",{"^->":"actThree.0.g-18.21.$r1"},{"temp=":"$r"},"str",{"->":".^.s"},[{"#n":"$r1"}],"/str","/ev",{"*":".^.^.c-37","flg":18},{"s":["^\"They might love you for it.\" ",{"->":"$r","var":true},null]}],["ev",{"^->":"actThree.0.g-18.22.$r1"},{"temp=":"$r"},"str",{"->":".^.s"},[{"#n":"$r1"}],"/str","/ev",{"*":".^.^.c-38","flg":18},{"s":["^\"You'd be vulnerable.\" ",{"->":"$r","var":true},null]}],{"c-36":["ev",{"^->":"actThree.0.g-18.c-36.$r2"},"/ev",{"temp=":"$r"},{"->":".^.^.20.s"},[{"#n":"$r2"}],{"#":"red"},"\n","^\"I wish it was so easy as believing you.\" ",{"#":"winter"},"\n",{"->":".^.^.^.g-19"},{"#f":5}],"c-37":["ev",{"^->":"actThree.0.g-18.c-37.$r2"},"/ev",{"temp=":"$r"},{"->":".^.^.21.s"},[{"#n":"$r2"}],{"#":"red"},"\n","^\"Could you?\" ",{"#":"winter"},"\n","^I don't know how to answer for a moment.","\n","^\"It feels weird to want you, for something that causes you pain.\" ",{"#":"red"},"\n","^\"...But I guess I do.\" ",{"#":"red"},"\n",{"->":".^.^.^.g-19"},{"#f":5}],"c-38":["ev",{"^->":"actThree.0.g-18.c-38.$r2"},"/ev",{"temp=":"$r"},{"->":".^.^.22.s"},[{"#n":"$r2"}],{"#":"red"},"\n","^\"...Yeah.\" ",{"#":"winter"},"\n","^\"But that's-- that's okay. You can be that.\" ",{"#":"red"},"\n","^She's staring up at me, wordless.","\n","^\"I'm giving you that permission, Winter.\" ",{"#":"red"},"\n","^She laughs bitterly.","\n","^\"Can't believe you use my words against me.\" ",{"#":"winter"},"\n","^\"That's not how this works.\" ",{"#":"winter"},"\n","^\"I can force it if you want.\" ",{"#":"red"},{"#":"delay: 1000"},"\n","^I feel her tense beneath me.","\n","^\"I...\" ",{"#":"winter"},"\n",{"->":".^.^.^.g-19"},{"#f":5}]}],"g-19":["^\"Show me, then. Prove it.\" ",{"#":"winter"},"\n","^She moves her hand away and I meet her gaze.","\n",["ev",{"^->":"actThree.0.g-19.5.$r1"},{"temp=":"$r"},"str",{"->":".^.s"},[{"#n":"$r1"}],"/str","str","^.","/str","/ev",{"*":".^.^.c-39","flg":22},{"s":["^It feels like I'm falling",{"->":"$r","var":true},null]}],{"c-39":["ev",{"^->":"actThree.0.g-19.c-39.$r2"},"/ev",{"temp=":"$r"},{"->":".^.^.5.s"},[{"#n":"$r2"}],"^, ",{"#":"clear"},"\n",{"->":".^.^.^.g-20"},{"#f":5}]}],"g-20":["^a bird losing its feathers as it tumbles through the sky.","\n","^Winter wants the dark part of me, and I want hers.","\n","^\"If it's a delusion - my shadow and your skull...\" ",{"#":"red"},"\n","^\"Then it's one that's real to both of us.\" ",{"#":"red"},"\n","^She grasps my hand gently again, and guides it higher to her eye socket.","\n","^\"If it's a delusion...\" ",{"#":"winter"},"\n","^\"What did you say just now?\" ",{"#":"winter"},"\n","ev","str","^\"*Would that be so bad*?\"","/str","/ev",{"*":".^.c-40","flg":20},{"c-40":["^ ",{"#":"winter"},"\n",{"->":".^.^.^.g-21"},{"#f":5}]}],"g-21":[{"#":"clear"},{"->":"actFour"},null]}],null],"actFour":[[{"#":"play: act4 | delay: 500"},"ev","str","^ACT FOUR","/str","/ev",{"*":".^.c-0","flg":20},{"c-0":["\n",{"->":".^.^.g-0"},{"#f":5}],"g-0":["^I can hear Winter's breathing next to me, and I realise I'm awake.","\n","^I open my eyes, and the two of us are in my bed still.","\n","^She's asleep, facing away from me, slightly curled up.","\n","^And as I start to rise,","\n","^I realise I can see her face.","\n",{"#":"frame: act4_winter2:4"},["ev",{"^->":"actFour.0.g-0.11.$r1"},{"temp=":"$r"},"str",{"->":".^.s"},[{"#n":"$r1"}],"/str","/ev",{"*":".^.^.c-1","flg":18},{"s":["^Everything feels at peace.",{"->":"$r","var":true},null]}],{"c-1":["ev",{"^->":"actFour.0.g-0.c-1.$r2"},"/ev",{"temp=":"$r"},{"->":".^.^.11.s"},[{"#n":"$r2"}],"\n",{"->":".^.^.^.g-1"},{"#f":5}]}],"g-1":["^I sit there quietly for a few minutes, watching her sleep.","\n","^It's just the two of us.","\n","^For the first time, I can't feel my shadow behind me, watching.","\n","^It's as if I've carried a backpack for so long I forgot, and then finally took it off.","\n","ev","str","^It feels light.","/str","/ev",{"*":".^.c-2","flg":20},"ev","str","^It feels scary.","/str","/ev",{"*":".^.c-3","flg":20},{"c-2":["\n",{"->":".^.^.^.g-2"},{"#f":5}],"c-3":["\n",{"->":".^.^.^.g-2"},{"#f":5}]}],"g-2":[{"#":"clear"},"^When I eventually get up, Winter doesn't stir.","\n","^But as the kettle boils, I hear her.","\n","^\"...Red?\" ",{"#":"winter"},"\n","^I call back, and return with two mugs of coffee.","\n","^Winter is sitting, rubbing her eyesockets, her skull once again staring back at me.","\n","^She's smiling.","\n","ev","str","^I don't say anything.","/str","/ev",{"*":".^.c-4","flg":20},{"c-4":["\n",{"->":".^.^.^.g-3"},{"#f":5}]}],"g-3":["^Where her blouse has fallen open, I can see the bruises on her neck, and my stomach twists a little, satisfaction against guilt.","\n","^When I pass her the mug of coffee, my shadow is right back again, cradling my arm like a splint.","\n","ev","str","^But it doesn't feel as heavy anymore.","/str","/ev",{"*":".^.c-5","flg":20},{"c-5":["\n",{"#":"clear"},{"#":"delay: 4000"},{"->":"credits"},{"#f":5}]}]}],null],"credits":[["^winter","\n","^a game by freya campbell and elliot herriman","\n","^writing, art, and music by <a href=\"https://twitter.com/spdrcstl\" target=\"_blank\">freya campbell</a>","\n","^additional writing, code, and design by <a href=\"https://twitter.com/elliotherriman\" target=\"_blank\">elliot herriman</a>","\n","^be kind to yourselves","\n","ev","str","^back","/str","/ev",{"*":".^.c-0","flg":20},{"c-0":["^ ",{"#":"restart"},"\n",{"->":".^.^.g-0"},{"#f":5}],"g-0":["end",null]}],null],"global decl":["ev",0,{"VAR=":"sayNothing"},"/ev","end",null]}],"listDefs":{}}